Poem,Poemstyle
"""శ్రీ కైవల్య పదంబుఁ జేరుటకునై చింతించెదన్ లోక ర
క్షైకారంభకు, భక్త పాలన కళా సంరంభకున్, దానవో
ద్రేకస్తంభకుఁ, గేళి లోల విలసద్దృగ్జాల సంభూత నా
నా కంజాత భవాండ కుంభకు, మహానందాంగనాడింభకున్""",శార్ధూలము
"""వాలిన భక్తి మ్రొక్కెద నవారిత తాండవ కేళికిన్, దయా
శాలికి, శూలికిన్, శిఖరిజా ముఖ పద్మ మయూఖ మాలికిన్,
బాల శశాంక మౌళికిఁ, గపాలికి, మన్మథ గర్వ పర్వతో
న్మూలికి, నారదాది మునిముఖ్య మనస్సరసీరుహాలికిన్""",ఉత్పలమాల
"""ఆతత సేవఁ జేసెద సమస్త చరాచర భూత సృష్టి వి
జ్ఞాతకు, భారతీ హృదయ సౌఖ్య విధాతకు, వేదరాశి ని
ర్ణేతకు, దేవతా నికర నేతకుఁ, గల్మష ఛేత్తకున్, నత
త్రాతకు, ధాతకున్, నిఖిల తాపస లోక శుభప్రదాతకున్""",ఉత్పలమాల
"""ఆదర మొప్ప మ్రొక్కిడుదు నద్రి సుతా హృదయానురాగ సం
పాదికి, దోషభేదికిఁ, బ్రపన్నవినోదికి, విఘ్నవల్లికా
చ్ఛేదికి, మంజువాదికి, నశేష జగజ్జన నంద వేదికిన్,
మోదకఖాదికిన్, సమద మూషక సాదికి, సుప్రసాదికిన్""",ఉత్పలమాల
"""క్షోణితలంబునన్ నుదురు సోఁకఁగ మ్రొక్కి నుతింతు సైకత
శ్రోణికిఁ, జంచరీక చయ సుందరవేణికి, రక్షితామర
శ్రేణికిఁ, దోయజాతభవ చిత్త వశీకరణైక వాణికిన్,
వాణికి. నక్షదామ శుక వారిజ పుస్తక రమ్య పాణికిన్""",ఉత్పలమాల
"""పుట్టం బుట్ట, శరంబునన్ మొలవ, నంభోయానపాత్రంబునన్
నెట్టం గల్గను, గాళిఁ గొల్వను, బురాణింపన్ దొరంకొంటి, మీఁ
దెట్టే వెంటఁ జరింతుఁ దత్సరణి నా కీవమ్మ యో! యమ్మ! మేల్
పట్టున్ నా కగుమమ్మ, నమ్మితిఁ జుమీ బ్రాహ్మీ! దయాంభోనిధీ!""",శార్ధూలము
"""శారదనీరదేందు, ఘనసార, పటీర, మరాళ, మల్లికా
హార, తుషార, ఫేన, రజతాచల, కాశ, ఫణీశ, కుంద, మం
దార, సుధాపయోధి, సితతామర, సామరవాహినీ శుభా
కారత నొప్పు నిన్ను మదిఁ గానఁగ నెన్నఁడు గల్గు, భారతీ!""",ఉత్పలమాల
"""అంబ, నవాంబుజోజ్జ్వలకరాంబుజ, శారదచంద్రచంద్రికా
డంబర చారుమూర్తి, ప్రకటస్ఫుట భూషణ రత్నదీపికా
చుంబిత దిగ్విభాగ, శ్రుతిసూక్తి వివిక్త నిజప్రభావ, భా
వాంబరవీధి విశ్రుతవిహారిణి, నన్ గృపఁ జూడు భారతీ!""",ఉత్పలమాల
"""అమ్మలఁ గన్నయమ్మ, ముగురమ్మలమూలపుటమ్మ, చాలఁ బె
ద్దమ్మ, సురారులమ్మ కడు పాఱడి పుచ్చిన యమ్మ, తన్ను లో
నమ్మిన వేల్పుటమ్మల మనమ్ముల నుండెడి యమ్మ, దుర్గ, మా
యమ్మ, కృపాబ్ధి యిచ్చుత మహత్త్వకవిత్వ పటుత్వ సంపదల్""",ఉత్పలమాల
"""హరికిం బట్టపుదేవి, పున్నెముల ప్రో వర్థంపుఁ బెన్నిక్క, చం
దురు తోఁబుట్టువు, భారతీ గిరిసుతల్ తో నాడు పూఁబోఁడి, తా
మరలం దుండెడి ముద్దరాలు, జగముల్ మన్నించు నిల్లాలు, భా
సురతన్ లేములు వాపు తల్లి, సిరి యిచ్చున్ నిత్యకల్యాణముల్""",మత్తేభము
"""ఇమ్మనుజేశ్వరాధముల కిచ్చి, పురంబులు వాహనంబులున్
సొమ్ములుఁ గొన్ని పుచ్చుకొని, చొక్కి, శరీరము వాసి కాలుచే
సమ్మెట వ్రేటులం బడక సమ్మతితో హరి కిచ్చి చెప్పె నీ
బమ్మెర పోతరాజొకఁడు భాగవతంబు జగద్ధితంబుగన్""",ఉత్పలమాల
"""ఒనరన్ నన్నయ తిక్కనాది కవు లీ యుర్విం బురాణావళుల్
తెనుఁగుం జేయుచు, మత్పురాకృత శుభాధిక్యంబు దా నెట్టిదో,
తెనుఁగుం జేయరు మున్ను భాగవతమున్, దీనిం దెనింగించి, నా
జననంబున్ సఫలంబుఁ జేసెదఁ బునర్జన్మంబు లేకుండఁగన్""",మత్తేభము
"""లలితస్కంధము, కృష్ణమూలము, శుకాలాపాభిరామంబు, మం
జులతాశోభితమున్, సువర్ణసుమనస్సుజ్ఞేయమున్, సుందరో
జ్జ్వలవృత్తంబు, మహాఫలంబు, విమలవ్యాసాలవాలంబునై
వెలయున్ భాగవతాఖ్యకల్పతరు వుర్విన్ సద్ద్విజశ్రేయమై""",మత్తేభము
"""ధరణీవల్లభుఁ డా ప్రియవ్రతుఁడు మోదం బందుచున్ లీల నీ
శ్వరవాక్యంబునఁ గర్మతంత్ర పరుఁడై సంగంబులం బాపు శ్రీ
హరిపాదాంబుజ చింతనం దగిలి నిత్యానందముం బొంది దు
ర్భర రాగాదులఁ బాఱఁదోలి ప్రజలం బాలించె నత్యున్నతిన్""",మత్తేభము
"""జనకుం డిట్లు విరక్తుఁడైనను దదాజ్ఞం జేసి యాగ్నీధ్రుఁ డే
పున ధర్మప్రతిపాలనుం డగుచు జంబూ ద్వీపమున్నేలుచుం
దన సత్పుత్రులమాడ్కి నెల్ల ప్రజలం దాత్పర్య చిత్తంబునన్
ఘనతం బ్రోచె ననేకకాల మిలఁ బ్రఖ్యాతంబుగా భూవరా!""",మత్తేభము
"""అంగజుఁ డెక్కుడించిన శరాసనమున్ ధరియించి యంత నా
యంగజు వేఁట మానవమృగావళి సూటిగఁ నేచు దానవో?
రంగగు నీ నిజాకృతి తెఱం గెఱుఁగంగ నిజంబు పల్కుమా
యంగన నిన్నుఁ గన్గొనిన యంత ననంగుఁడు సందడించెడున్.""",ఉత్పలమాల
"""చెదరఁగ వేదముల్ చదువు శిష్యులపైఁ దగఁ బుష్పవృష్టి స
మ్మదమున నంతలోఁ గురియు మాడ్కిని మన్మథసామగానముల్
చదివెడు శిష్యులో యనఁగ షట్పదపంక్తులు చేరి మ్రోయఁగాఁ
బదపడి మీఁద రాలుఁ గచభారము నందుల జాఱు క్రొవ్విరుల్""",చంపకమాల
"""ఏ లోకంబున నుండి వచ్చితివి? నీ విచ్చోటికిన్ మున్ను నే
నే లోకంబునఁ జెప్పఁ జూప నెఱుఁగన్నీ సుందరాకారము
న్నీ లాలిత్యము లీ వినోదములు నీ కిట్లొప్పునే? కామినీ!
భూలోకంబున కెట్లు వచ్చితివి నా పుణ్యం బగణ్యంబుగన్?""",శార్ధూలము
"""పటుతాటంక రథాంగ యుగ్మమునకుం బల్మాఱు భీతిల్లుచున్
నటనం బందెడు గండుమీనములతో నాసన్న నీలాలకో
త్కట భృంగావళితో ద్విజావళి లసత్కాంతిన్ విడంబించు మా
ఱట కాసారముఁ బోలి నెమ్మొగము దా రంజిల్లు నత్యున్నతిన్.""",మత్తేభము
"""కరువలిఁ బాయు వస్త్రమును గట్ట నెఱుంగవు; చూడ్కి దిక్కులం
బఱపుచుఁ జంచరీకముల భాతిఁ జెలంగెడు కంధరంబునం
బొరలెడు ముక్తకేశభరముం దుఱుమంగఁ దలంప; విప్పు డి
ట్లరుదుగ రత్నకందుక విహారము సల్పెడు సంభ్రమంబునన్.""",చంపకమాల
"""అన్యాలోకన భీకరంబులు, జితాశానేకపానీకముల్,
వన్యేభంబులు కొన్ని మత్తతనులై, వ్రజ్యావిహారాగతో
దన్యత్వంబున భూరి భూధరదరీ ద్వారంబులందుండి సౌ
జన్యక్రీడల నీరుగాలిపడి కాసారావగాహార్థమై.""",శార్ధూలము
"""కలభంబుల్ చెరలాడుఁ బల్వలము లాఘ్రాణించి మట్టాడుచున్
ఫలభూజంబులు రాయుచుం జివురు జొంపంబుల్ వడిన్ మేయుచుం
బులులం గాఱెనుపోతులన్ మృగములం బోనీక శిక్షించుచుం
గొలఁకుల్ జొచ్చి కలంచుచున్ గిరులపై గొబ్భిళ్ళు గోరాడుచున్""",మత్తేభము
"""అటఁ గాంచెం గరిణీవిభుండు నవఫుల్లాంభోజకల్హారమున్
నటదిందిందిర వారముం, గమఠ మీనగ్రాహ దుర్వారమున్,
వట హింతాల రసాల సాల సుమనో వల్లీకుటీతీరముం,
జటులోద్ధూత మరాళ చక్ర బక సంచారంబుఁ గాసారమున్.""",మత్తేభము
"""ఇభలోకేంద్రుఁడు హస్తరంధ్రముల నీరెక్కించి, పూరించి, చం
డభ మార్గంబున కెత్తి, నిక్కి, వడి నుడ్డాడించి పింజింప నా
రభటిన్ నీరములోనఁ బెల్లెగసి నక్రగ్రాహ పాఠీనముల్
నభమం దాడెడు మీన కర్కటములన్ బట్టెన్ సురల్ మ్రాన్పడన్.""",మత్తేభము
"""పదములఁ బట్టినం దలకుబా టొకయింతయు లేక శూరతన్
మదగజవల్లభుండు ధృతిమంతుఁడు దంతయుగాంత ఘట్టనం
జెదరఁగఁ జిమ్మె; న మ్మకరిచిప్పలు పాదులు దప్పనొప్పఱన్
వదలి జలగ్రహంబు కరివాలముమూలముఁ జీరెఁ గోఱలన్""",చంపకమాల
"""ఆటోపంబునఁ జిమ్ము ఱొమ్మగల వజ్రాభీల దంతంబులం
దాటించున్, మెడఁ జుట్టిపట్టి హరి దోర్దండాభ శుండాహతిన్
నీటన్ మాటికి మాటికిం దిగువఁగా నీరాటమున్ నీటి పో
రాట న్నోటమిపాటుఁ జూపుట కరణ్యాటంబు వాచాటమై""",శార్ధూలము
"""ఉఱుకుం గుంభయుగంబుపై హరి క్రియన్ హుమ్మంచుఁ; బాదంబులం
నెఱయం గంఠము వెన్నుదన్ను; నెగయున్ హేలాగతిన్; వాలముం
జఱచుం; నుగ్గుగఁ దాఁకు; ముంచు; మునుగుం; శల్యంబులుం దంతముల్
విఱుఁగన్ వ్రేయుచుఁ బొంచిపొంచి కదియున్ వేదండ యూధోత్తమున్.""",మత్తేభము
"""పొడగానంబడకుండ డాఁగు; వెలికిం బోవంగ దా నడ్డమై
పొడచూపుం; జరణంబులం బెనగొనుం; బో రాక రా రాక బె
గ్గడిలం గూలఁగఁదాఁచు; లేచుతఱి నుద్ఘాటించు; లంఘించుఁ; బ
ల్విడిఁ జీరుం; దలఁగున్; మలంగు; నొడియన్ వేధించుఁ; గ్రోధించుచున్.""",మత్తేభము
"""పాదద్వంద్వము నేలమోపి, పవనున్ బంధించి, పంచేంద్రియో
న్మాదంబుం బరిమార్చి, బుద్ధిలతకున్ మాఱాకు హత్తించి, ని
ష్ఖేదబ్రహ్మపదావలంబనరతిం గ్రీడించు యోగీంద్రు మ
ర్యాదన్ నక్రము విక్రమించెఁ గరిపాదాక్రాంతనిర్వక్రమై""",శార్ధూలము
"""ఊహ గలంగి జీవనపుటోలమునం బడి పోరుచున్ మహా
మోహలతా నిబద్ధపదమున్ విడిపించుకొనంగ లేక సం
దేహముఁ బొందు దేహి క్రియ దీనదశన్ గజ ముండె భీషణ
గ్రాహ దురంత దంత పరిఘట్టిత పాదఖురాగ్ర శల్యమై""",ఉత్పలమాల
"""పృథుశక్తిన్ గజ మా జలగ్రహముతోఁ బెక్కేండ్లు పోరాడి, సం
శిథిలంబై, తన లావు వైరిబలముం జింతించి, మిథ్యామనో
రథమిం కేటికి? దీని గెల్వ సరి పోరం జాలరా దంచు స
వ్యథమై యిట్లనుఁ బూర్వపుణ్యఫల దివ్యజ్ఞాన సంపత్తితోన్.""",మత్తేభము
"""ఏ రూపంబున దీని గెల్తు? నిటమీఁ దేవేల్పుఁ జింతింతు? నె
వ్వారిం జీరుదు? నెవ్వరడ్డ? మిఁక ని వ్వారిప్రచారోత్తమున్
వారింపం దగువార లెవ్వ? రఖిలవ్యాపార పారాయణుల్
లేరే? మ్రొక్కెద దిక్కుమాలిన మొఱాలింపం బ్రపుణ్యాత్మకుల్""",శార్ధూలము
"""నానానేకపయూధముల్ వనములోనం బెద్దకాలంబు స
న్మానింపన్ దశలక్షకోటి కరిణీనాథుండనై యుండి మ
ద్ధానాంభః పరిపుష్ట చందన లతాంతచ్ఛాయలం దుండ లే
కీ నీరాశ నిటేల వచ్చితి? భయం బెట్లోకదే యీశ్వరా!""",శార్ధూలము
"""ఎవ్వనిచే జనించు జగ; మెవ్వని లోపల నుండు లీనమై;
యెవ్వని యందు డిందుఁ; బరమేశ్వరుఁ డెవ్వఁడు; మూలకారణం
బెవ్వఁ; డనాదిమధ్యలయుఁ డెవ్వఁడు; సర్వముఁ దానయైన వాఁ
డెవ్వఁడు; వాని నాత్మభవు నీశ్వరు నే శరణంబు వేడెదన్""",ఉత్పలమాల
"""లా వొక్కింతయు లేదు; ధైర్యము విలోలంబయ్యె; బ్రాణంబులున్
ఠావుల్ దప్పెను; మూర్ఛ వచ్ఛెఁ; దనువున్ డస్సెన్; శ్రమంబయ్యెడిన్;
నీవే తప్ప నితఃపరం బెఱుఁగ; మన్నింపందగున్ దీనునిన్;
రావే! యీశ్వర! కావవే వరద! సంరక్షింపు భద్రాత్మకా!""",శార్ధూలము
"""ఓ కమలాప్త! యో వరద! యో ప్రతిపక్షవిపక్షదూర! కు
య్యో! కవియోగివంద్య! సుగుణోత్తమ! యో శరణాగతామరా
నోకహ! యో మునీశ్వర మనోహర! యో విమలప్రభావ! రా
వే! కరుణింపవే! తలఁపవే! శరణార్థిని నన్నుగావవే!""",ఉత్పలమాల
"""అల వైకుంఠపురంబులో నగరిలో నా మూల సౌధంబు దా
పల మందారవనాంతరామృత సరః ప్రాంతేందు కాంతోపలో
త్పల పర్యంక రమావినోది యగు నాపన్నప్రసన్నుండు వి
హ్వల నాగేంద్రము ""పాహిపాహి"" యనఁ గుయ్యాలించి సంరంభియై""",మత్తేభము
"""సిరికిం జెప్పఁడు; శంఖ చక్ర యుగముం జేదోయి సంధింపఁ; డే
పరివారంబునుఁ జీరఁ; డభ్రగపతిం బన్నింపఁ; డాకర్ణికాం
తర ధమ్మిల్లముఁ జక్క నొత్తఁడు; వివాదప్రోత్థితశ్రీకుచో
పరిచేలాంచలమైన వీడఁడు గజప్రాణావనోత్సాహియై.""",మత్తేభము
"""తనవెంటన్ సిరి; లచ్చివెంట నవరోధవ్రాతమున్; దాని వె
న్కనుఁ బక్షీంద్రుఁడు; వాని పొంతను ధనుఃకౌమోదకీ, శంఖ, చ
క్రనికాయంబును; నారదుండు; ధ్వజినీకాంతుండు రా వచ్చి రొ
య్యన వైకుంఠపురంబునం గలుగువా రాబాలగోపాలమున్.""",మత్తేభము
"""తన వేంచేయు పదంబుఁ బేర్కొనఁ; డనాథస్త్రీ జనాలాపముల్
వినెనో? మ్రుచ్చులు మ్రుచ్చలించిరొ ఖలుల్ వేదప్రపంచంబులన్?
దనుజానీకము దేవతానగరిపై దండెత్తెనో? భక్తులం
గని చక్రాయుధుఁ డేఁడి చూపుఁ డని ధిక్కారించిరో? దుర్జనుల్.""",మత్తేభము
"""తాటంకాచలనంబుతో, భుజనటద్ధమ్మిల్లబంధంబుతో,
శాటీముక్త కుచంబుతో, నదృఢచంచత్కాంచితో, శీర్ణలా
లాటాలేపముతో, మనోహరకరాలగ్నోత్తరీయంబుతోఁ,
గోటీందుప్రభతో, నురోజభర సంకోచద్విలగ్నంబుతోన్""",మత్తేభము
"""వినువీథిన్ జనుదేరఁ గాంచి రమరుల్ విష్ణున్, సురారాతి జీ
వనసంపత్తి నిరాకరిష్ణుఁ, గరుణావర్ధిష్ణుఁ, యోగీంద్ర హృ
ద్వనవర్తిష్ణు, సహిష్ణు, భక్తజనబృందప్రాభవాలంకరి
ష్ణు, నవోఢోల్ల సదిందిరా పరిచరిష్ణున్, జిష్ణు, రోచిష్ణునిన్.""",మత్తేభము
"""చనుదెంచెన్ ఘనుఁ డల్లవాఁడె; హరి పజ్జం గంటిరే లక్ష్మి? శం
ఖ నినాదం బదె; చక్ర మల్లదె; భుజంగధ్వంసియున్ వాఁడె; క్ర
న్నన యేతెంచె"" నటంచు వేల్పులు ""నమోనారాయణాయేతి"" ని
స్వనులై మ్రొక్కిరి మింట హస్తిదురవస్థావక్రికిం జక్రికిన్.""",మత్తేభము
"""కరుణాసింధుఁడు శౌరి వారిచరమున్ ఖండింపఁగాఁ బంపె స
త్త్వరితాకంపిత భూమిచక్రము, మహోద్యద్విస్ఫులింగచ్ఛటా
పరిభూతాంబర శుక్రమున్, బహువిధబ్రహ్మాండభాండచ్ఛటాం
తరనిర్వక్రముఁ, బాలితాఖిల సుధాంధశ్చక్రముం, జక్రమున్.""",మత్తేభము
"""అంభోజాకరమధ్య నూతన నలిన్యాలింగన క్రీడ నా
రంభుం డైన వెలుంగుఱేని చెలువారన్ వచ్చి, నీటన్ గుభుల్
గుంభద్ధ్వానముతోఁ గొలంకును కలంకం బొందఁగా జొచ్చి, దు
ష్టాంభోవర్తి వసించు చక్కటికి డాయంబోయి హృద్వేగమై.""",శార్ధూలము
"""భీమంబై తలఁ ద్రుంచి ప్రాణములఁ బాపెం జక్ర మా శుక్రియన్,
హేమక్ష్మాధర దేహముం, జకితవన్యేభేంద్ర సందోహముం,
గామక్రోధన గేహమున్, గరటి రక్తస్రావ గాహంబు, ని
స్సీమోత్సాహము, వీత దాహము, జయశ్రీ మోహమున్, గ్రాహమున్""",శార్ధూలము
"""తమముం బాసిన రోహిణీవిభు క్రియన్ దర్పించి సంసారదుః
ఖము వీడ్కొన్న విరక్తచిత్తుని గతిన్ గ్రాహంబు పట్టూడ్చి పా
దము లల్లార్చి కరేణుకావిభుఁడు సౌందర్యంబుతో నొప్పె సం
భ్రమదాశాకరిణీ కరోజ్ఝిత సుధాంభస్స్నాన విశ్రాంతుఁడై""",మత్తేభము
"""పూరించెన్ హరి పాంచజన్యముఁ, గృపాంభోరాశి సౌజన్యమున్,
భూరిధ్వాన చలాచలీకృత మహాభూత ప్రచైతన్యమున్,
సారోదారసిత ప్రభాచకిత పర్జన్యాది రాజన్యమున్,
దూరీభూత విపన్నదైన్యమును, నిర్ధూతద్విషత్సైన్యమున్.""",శార్ధూలము
"""మొరసెన్ నిర్జరదుందుభుల్; జలరుహామోదంబులై వాయువుల్
దిరిగెం; బువ్వులవానజల్లుఁ గురిసెన్; దేవాంగనాలాస్యముల్
పరఁగెన్; దిక్కులయందు జీవజయశబ్దధ్వానముల్ నిండె; సా
గర ముప్పొంగెఁ దరంగ చుంబిత నభోగంగాముఖాంభోజమై.""",మత్తేభము
"""అవనీనాథ! గజేంద్రుఁ డా మకరితో నాలంబుఁ గావించె మున్
ద్రవిళాధీశుఁ డతండు పుణ్యతముఁ డింద్రద్యుమ్న నాముండు వై
ష్ణవ ముఖ్యుండు గృహీతమౌననియతిన్ సర్వాత్ము నారాయణున్
సవిశేషంబుగఁ బూజ చేసెను మహాశైలాగ్రభాగంబునన్""",మత్తేభము
"""ఒకనాఁ డా నృపుఁ డచ్యుతున్ మనసులో నూహించుచున్ మౌనియై
యకలంకస్థితి నున్నచోఁ గలశజుం డచ్చోటికిన్ వచ్చి లే
వక పూజింపక యున్న మౌనిఁ గని నవ్యక్రోధుఁడై మూఢ! లు
బ్ధ! కరీంద్రోత్తమ యోనిఁ బుట్టు"" మని శాపం బిచ్చె భూవల్లభా!""",మత్తేభము
"""విను ము న్నేటికిఁ ద్రచ్చె పాలకడలిన్ విష్ణుండు? కూర్మాకృతిన్
వనధిం జొచ్చి య దెట్లు మోచె బలుకవ్వంబైన శైలంబు? దే
వ నికాయం బమృతంబు నెట్లు పడసెన్? వారాశి నేమేమి సం
జనితం బయ్యె? మునీంద్ర! చోద్యము గదా సర్వంబుఁ జెప్పంగదే""",మత్తేభము
"""ఒకవేయర్కులు గూడిగట్టి కదుపై యుద్యత్ప్రభాభూతితో
నొకరూపై చనుదెంచుమాడ్కి హరి దా నొప్పారె; నా వేలుపుల్
వికలాలోకనులై; విషణ్ణమతులై; విభ్రాంతులై మ్రోలఁ గా
నక శంకించిరి కొంత ప్రొద్దు; విభుఁ గానం బోలునే వారికిన్""",మత్తేభము
"""ఈ రీతిం జతురాననాది నుతుఁడై యేపార జీమూత గం
భీరంబైన రవంబునం బలికె సంప్రీతాత్ముఁడై యీశ్వరుం
డా రోమాంచిత కాయులన్ నవవిముక్తాపాయులం బ్రేయులం
బ్రారబ్ధోగ్ర మహార్ణవోన్మథన వాంఛానల్పులన్ వేల్పులన్.""",శార్ధూలము
"""గరుడారోహకుఁడై గదాదిధరుఁడై కారుణ్యసంయుక్తుఁడై
హరికోటిప్రభతో ""నొహో వెఱవకుం"" డంచుం బ్రదీపించి త
ద్గిరిఁ గేలన్ నలువొంద గందుకము మాడ్కింబట్టి క్రీడించుచు
న్గరుణాలోకసుధన్ సురాసురుల ప్రాణంబుల్ సమర్థించుచున్.""",మత్తేభము
"""గౌరవమైన భారమునఁ గవ్వపుఁగొండ ధరింప లేక దో
స్సార విహీనులై యుభయ సైనికులుం గడు సిగ్గుతో నకూ
పారతటంబునం బడిరి పౌరుషముం జెడి పాండవేయ! యె
వ్వారికి నేరఁబోలు బలవంతపు దైవము నాక్రమింపగన్?""",ఉత్పలమాల
"""కమఠంబై జలరాశిఁ జొచ్చి లఘు ముక్తాశుక్తి చందంబునన్
నమదద్రీంద్రము నెత్తె వాసుకి మహానాగంబుతో లీలతో
నమరేంద్రాదులు మౌళికంపములతో నౌనౌఁగదే! బాపురే!
కమలాక్షా! శర""ణంచు భూదిశలు నాకాశంబునున్ మ్రోయఁగన్.""",మత్తేభము
"""చని కైలాసముఁ జొచ్చి శంకరుని వాసద్వారముం జేరి యీ
శుని దౌవారికు లడ్డపడ్డఁ దల మంచుం జొచ్చి ""కుయ్యో! మొఱో!
విను; మాలింపుము; చిత్తగింపుము; దయన్ వీక్షింపు"" మం చంబుజా
సనముఖ్యుల్ గని రార్తరక్షణ కళాసంరంభునిన్ శంభునిన్.""",మత్తేభము
"""అమరన్ లోకహితార్థమంచు నభవుం ""డౌఁ గాక"" యం చాడెఁ బో
యమరుల్ భీతిని ""మ్రింగవే"" యనిరి వో యంభోజగర్భాదులుం
దముఁ గావన్ హర! ""లెమ్ము లెమ్మనిరి"" వో తాఁ జూచి కన్గంట న
య్యుమ ప్రాణేశ్వరు నెట్లు మ్రింగుమనె నయ్యుగ్రానలజ్వాలలన్.""",మత్తేభము
"""తనచుట్టున్ సురసంఘముల్ జయజయధ్వానంబులన్ బొబ్బిడన్
ఘన గంభీర రవంబుతో శివుఁడు ""లోకద్రోహి! హుం! పోకు ర""
మ్మని కెంగేలఁ దెమల్చి కూర్చి కడిగా నంకించి జంబూఫలం
బని సర్వంకషమున్ మహావిషము నాహారించె హేలాగతిన్.""",మత్తేభము
"""కదలం బాఱవు పాఁప పేరు; లొడలన్ ఘర్మాంబుజాలంబు పు
ట్టదు; నేత్రంబులు నెఱ్ఱ గావు; నిజజూటా చంద్రుఁడుం గందఁడున్;
వదనాంభోజము వాడ; దా విషము నాహ్వానించుచో డాయుచోఁ
బదిలుండై కడి జేయుచోఁ దిగుచుచో భక్షించుచో మ్రింగుచోన్.""",మత్తేభము
"""జగముల తండ్రియై తనరు శౌరి జగంబుల తల్లి నిందిరం
దగ నురమందుఁ దాల్చె; నటఁ దత్కరుణారసదృష్టిచేఁ బ్రజల్
మగుడఁగఁ దొంటి భంగి నతిమంగళసాధ్వి పతిత్వసంపదన్
నెగడిన లోకముల్ గని; రనేక శుభంబులఁ బొంది రత్తఱిన్.""",చంపకమాల
"""మ్రోసెన్ శంఖ మృదంగ వేణురవముల్ మున్నాడి; పెంజీఁకటుల్
వాసెన్; నర్తన గాన లీలల సురల్ భాసిల్లి; రార్యుల్ జగ
ద్వాసుల్ విష్ణుని బ్రహ్మ రుద్ర ముఖరుల్ తల్లింగమంత్రంబులం
బ్రాసక్తిన్ వినుతించి రుల్లసిత పుష్పశ్రేణి వర్షించుచున్.""",శార్ధూలము
"""అమరవ్రాతములోన జొచ్చి దివిజుండై రాహు పీయూష పా
నము జేయం గని చంద్రభాస్కరులు సన్నల్ చేయ నారాయణుం
డమరారాతిశిరంబు చక్రహతిఁ దున్మాడెన్ సుధాసిక్త మై
యమరత్వంబును జెందె మూర్ధముఁ దదన్యాంగంబు నేలం బడెన్""",మత్తేభము
"""అమరుల్ రక్కసులుం బ్రయాసబలసత్త్వార్థా భిమానంబులన్
సములై లబ్ధవికల్పు లైరి యమరుల్ సంశ్రేయముం బొంది ర
య్యమరారుల్; బహుదుఃఖముల్ గనిరి తా మత్యంత దోర్గర్వులై;
కమలాక్షున్ శరణంబు వేఁడని జనుల్ కల్యాణ సంయుక్తులే.""",మత్తేభము
"""అరుదై కామగమై మయాసురకృతంబై లోకితాలోక్యమై
వరశస్త్రాస్త్ర సమేతమై తరళమై వైహాయసంబై మహా
సురయోధాన్వితమైన యానమున సంశోభిల్లెఁ బూర్ణేందు సు
స్థిరకాంతిన్ బలి చామరధ్వజ చమూదీప్తస్థితిన్ ముందటన్.""",మత్తేభము
"""నాకాధీశుఁ బదింట, మూఁట గజమున్, నాల్గింట గుఱ్ఱంబులన్,
ఏకాస్త్రంబున సారథిం జొనిపె, దైత్యేంద్రుండు దా నాకస
ల్లోకాధీశుఁడు ద్రుంచి యన్నిటిని దోడ్తో నన్ని భల్లంబులన్
రాకుండన్ రిపువర్గముం దునిమె గీర్వాణారి యగ్గింపఁగన్.""",శార్ధూలము
"""విహగేంద్రాశ్వ నిరూఢుఁడై మణిరమా విభ్రాజితోరస్కుఁడై
బహుశస్త్రాస్త్ర రథాంగ సంకలితుఁడై భాస్వత్కిరీటాది దు
స్సహుఁడై నవ్యపిశంగచేల ధరుఁడై సంఫుల్లపద్మాక్షుఁడై
విహితాలంకృతితోడ మాధవుఁడు దా వేంచేసె నచ్చోటికిన్.""",మత్తేభము
"""అసురుల మాయ లన్నియును నబ్జదళాక్షుఁడు వచ్చినంతటన్
గసిబిసియై నిరర్థమయి గ్రక్కునఁ బోయెను; నిద్రబొంది సం
తసమున మేలుకొన్నగతిఁ దాల్చి చెలంగిరి వేల్పు లందఱుం;
బస చెడ కేలయుండు హరిపాద పరిష్కృతిచేయ నాపదల్?""",చంపకమాల
"""జగతిన్ వైరి మొఱంగి గెల్చుటదియున్ శౌర్యంబె ధైర్యంబె? తా
మగవాఁడయ్యును దన్నుఁ దా నెఱిఁగి సామర్థ్యంబునుం గల్గియున్
బగవానిం గని డాఁగెనేని మెయి చూపం జాలఁడేనిం గటా!
నగరే బంధులు? దిట్టరే బుధులుఁ? గన్యల్ గూర్తురే? దానవా!""",మత్తేభము
"""మాయల్ చేయఁగ రాదు పో; నగవులే మాతోడి పోరాటముల్?
దాయా! చిక్కితి; వ్రక్కలించెదఁ గనద్దంభోళి ధారాహతిన్;
నీ యిష్టార్థము లెల్లఁ జూడుము వెసన్ నీ వారలం గూడుకో
నీ యాటోపము నిర్జరేంద్రుఁ డడఁచున్ నేఁ డాజిలో దుర్మతీ!""",శార్ధూలము
"""నీవే పోటరివే? సురేంద్ర! తెగడన్ నీకేల? గెల్పోటముల్
లేవే? యెవ్వరి పాలఁ బోయినవి? మేల్గీడుల్ విరించాదులుం
ద్రోవం జాలుదు రెవ్విధానమున సంతోషింప శోకింప నా
దైవం బేమి? కరస్థలామలకమే? దర్పోక్తులుం బాడియే?""",శార్ధూలము
"""చని సురనాథుచేఁ గలన జంభుఁడు చచ్చుట నారదుండు చె
ప్పిన విని వాని భ్రాతలు గభీర బలాధికుఁ లా బలుండు పా
కనముచు లా పురందరునిఁ గాంచి ఖరోక్తులఁ దూలనాడుచున్
ఘనజలధారలన్ నగముఁ గప్పిన చాడ్పునఁ గప్పి రమ్ములన్.""",చంపకమాల
"""అమరారాతుల బాణజాలముల పాలై పోయితే చెల్లరే!
యమరాధీశ్వర!"" యంచు ఖిన్నతరులై యంభోధిలోఁ జంచల
త్వమునం గ్రుంకు వణిగ్జనంబుల క్రియన్ దైత్యాధిపవ్యూహ మ
ధ్యమునం జిక్కిరి వేల్పు లందఱు విపద్ధ్వానంబులం జేయుచున్.""",మత్తేభము
"""ఓహో! దేవతలార! కుయ్యిడకుఁ; డే నున్నాఁడ ""నం చంబుభృ
ద్వాహుం డా శరబద్ధ పంజరము నంతం జించి తేజంబునన్
వాహోపేత రథంబుతోడ వెలికిన్ వచ్చెన్ నిశాంతోల్ల స
న్మాహాత్మ్యంబునఁ దూర్పునం బొడుచు నా మార్తాండు చందంబునన్.""",శార్ధూలము
"""విఱిగిన సేనఁ గాంచి సురవీరుఁ ""డొహో"" యని బిట్టు చీరి క్ర
మ్మఱఁ బురికొల్పి పాకబల మస్తకముల్ నిశితాస్త్రధారలన్
నెఱసిన తీక్ష్ణవజ్రమున నేలకు వ్రాల్చెను వాని చుట్టముల్
వెఱచిరి; తచ్చమూపతులు విహ్వలులై చెడి పాఱి రార్తితోన్.""",చంపకమాల
"""తన చుట్టంబులఁ జంపె వీఁడనుచు నుద్యత్క్రోధ శోకాత్ముఁడై
కనకాంతంబును నశ్మసారమయమున్ ఘంటాసమేతంబునై
జనదృగ్దుస్సహమైన శూలము నొగిన్ సారించి వైచెన్ సురేం
ద్రునిపై దీన హతుండవౌ దని మృగేంద్రుంబోలి గర్జించుచున్.""",మత్తేభము
"""ఆకాశంబున వచ్చు శూలమును జంభారాతి ఖండించి నా
నా కాండంబుల వాని కంఠము దెగన్ దంభోళియున్ వైచె న
స్తోకేంద్రాయుధమున్ సురారిగళముంద్రుంపంగ లేదయ్యె; వా
డాకంపింపక నిల్చె దేవవిభుఁ డత్యాశ్చర్యముం బొందఁగన్.""",శార్ధూలము
"""సిద్ధించెన్ సురలార! మీ కమృతమున్; శ్రీనాథ సంప్రాప్తులై
వృద్ధిం బొందితి రెల్ల వారలును; విద్వేషుల్ మృతిం బొంది; రీ
యుద్ధం బేటికి? నింకఁ జాలుఁ; బనిలే దోహో పురే"" యంచు సం
బద్ధాలాపము లాడి మాన్చె సురలం బాండవ్యవంశాగ్రణీ!""",శార్ధూలము
"""ఘనతన్ నీ మగపోఁడుముల్ పలుమఱుం గన్నారఁ గన్నార; మే
నిను విన్నారము చూడమెన్నఁడును మున్ నీయాఁడుఁజందంబు మో
హినివై దైత్యులఁ గన్నుఁ బ్రామి యమృతం బింద్రాది దేవాళి కి
చ్చిన నీ రూపముఁ జూపుమా! కుతుకముం జిత్తంబునం బుట్టెడిన్.""",మత్తేభము
"""శ్రీకంఠా! నిను నీవ యేమఱకు మీ చిత్తంబు రంజించెదన్;
నాకద్వేషుల డాఁగురించుటకునై నాఁ డేను గైకొన్న కాం
తాకారంబు జగద్విమోహనము నీకై చూచెదేఁ జూపెదం;
గైకో నర్హము లండ్రు కాముకులు సంకల్పప్రభావంబులన్.""",శార్ధూలము
"""ఈ కాంతాజనరత్న మెవ్వరిదొకో? యీ యాడురూపంబు ము
న్నే కల్పంబుల యందుఁ గాన; మజుఁ డీ యింతిన్ సృజింపంగఁ దా
లేకుం టెల్ల నిజంబు; వల్లభత నీ లీలావతిం జేరఁగా
నే కాంతుండుఁ గలండొ? క్రీడలకు నాకీ యింతి సిద్ధించునే?""",శార్ధూలము
"""రుచిరాపాంగిని వస్త్రబంధనపరన్ రోమాంచ విభ్రాజితం
గుచభారానమితం గరద్వయపుటీ గూఢీకృతాంగిం జల
త్కచ బంధం గని మన్మథాతురత నాకంపించి శంభుండు ల
జ్జ చలింపం దనకాంత చూడఁ గదిసెం జంద్రాస్య కేల్దమ్మికిన్.""",మత్తేభము
"""ప్రబలోద్యత్కరిణిం గరీంద్రుఁడు రమింపన్ వచ్చు లీలన్ శివుం
""డబలా పోకుము పోకుమీ"" యనుచు డాయం బాఱి కెంగేలఁ ద
త్కబరీ బంధము పట్టి సంభ్రమముతోఁ గౌగిళ్ళ నోలార్చె నం
త బహిః ప్రక్రియ నెట్టకేనిఁ గదియం దద్బాహునిర్ముక్త యై.""",మత్తేభము
"""ఎలమిన్ దైత్యుల నాఁడురూపమున మోహింపించి పీయూషముం
జలితాపన్నులకున్ సురోత్తములకుం జక్కన్ విభాగించి ని
ర్మల రేఖన్ విలసిల్లు శ్రీవిభునిఁ దన్మాయావధూరూపముం
దలఁతున్ మ్రొక్కుదు నాత్మలోన దురితధ్వాంతార్క రూపంబుగన్.""",మత్తేభము
"""పారావారము ద్రచ్చుచో గిరి సముద్యద్భారమై కచ్ఛ పా
కారుండైన రమేశువర్తనము నాకర్ణింపఁ గీర్తింప సం
సారాంభోనిధిలో మునుంగు కుజనుల్ సంశ్రేయముం బొంది వి
స్తారోదార సుఖంబుఁ జెందుదురు తథ్యం బెంతయున్ భూవరా!""",శార్ధూలము
"""బలి నంభోరుహ నేత్రుఁ డేమిటికినై పాదత్రయిన్ వేఁడె? ని
శ్చలుఁడున్ బూర్ణుఁడు లబ్ధకాముఁడు రమా సంపన్నుఁడై తాఁ బర
స్థలికిన్ దీనునిమాడ్కి నేల చనియెం? దప్పేమియున్ లేక ని
ష్కలుషున్ బంధన మేల చేసెను? వినం గౌతూహలం బయ్యెడిన్.""",మత్తేభము
"""పలుదానంబుల విప్రులం దనిపి తద్భద్రోక్తులం బొంది పె
ద్దలకున్ మ్రొక్కి విశిష్టదేవతల నంతర్భక్తిఁ బూజించి ని
ర్మలుఁ బ్రహ్లాదునిఁ జీరి నమ్రశిరుఁడై రాజద్రథారూఢుఁడై
వెలిఁగెన్ దానవ భర్త శైల శిఖ రోద్వేల్ల ద్దవాగ్ని ప్రభన్.""",మత్తేభము
"""కనియెం బుణ్యజనౌకమున్ విగతరోగస్వప్న పీడాన్న ఖా
దన సంశోకముఁ బుష్ప పల్లవ ఫలోద్దామద్రుమానీకమున్
స్వనితోద్ధూత పతాకముం బ్రవిచరద్వైమానికానీకమున్
ఘన గంగాసలి లైకమున్ మఘవయుక్తశ్రీకమున్ నాకమున్.""",మత్తేభము
"""అర్థుల్ వేఁడరు; దాతలుంజెడరు; సర్వారంభముల్ పండుఁ; బ్ర
త్యర్థుల్ లేరు; మహోత్సవంబులను దేవాగారముల్ పొల్చుఁ బూ
ర్ణార్థుల్ విప్రులు; వర్షముల్ గురియుఁ గాలార్హంబులై; ధాత్రికిన్
సార్థంబయ్యె వసుంధరాత్వ మసురేంద్రాధీశు రాజ్యంబునన్.""",శార్ధూలము
"""తెఱవా! విప్రులు పూర్ణులే? చెలగునే దేవార్చనాచారముల్?
తఱితో వేలుతురే గృహస్థులు? సుతుల్ ధర్మానుసంధానులే?
నెఱి నభ్యాగత కోటి కన్న మిడుదే? నీరంబునుం బోయుదే?
మఱ లే కర్థుల దాసులన్ సుజనులన్ మన్నింపుదే? పైదలీ!""",మత్తేభము
"""ప్రేమ యొకింత లేక దితి బిడ్డలు బిడ్డలబిడ్డలున్ మహా
భీమ బలాఢ్యులై తనదుబిడ్డల నందఱఁ దోలి సాహసా
క్రామిత వైరులయ్యు నమరావతి నేలుచు నున్నవారు; నీ
కే మని విన్నవింతు? హృదయేశ్వర! మేలుఁ దలంచి చూడవే?""",ఉత్పలమాల
"""సురలన్ సభ్యుల నార్తులన్ విరథులన్ శోకంబు వారించి ని
ర్జరధానిన్ నిలుపంగ రాత్రిచరులన్ శాసింప సత్కార్య మే
వెర వేరీతి ఘటిల్లు నట్టి క్రమమున్ వేగంబ చింతింపవే?
కరుణాలోక సుధాఝరిం దనుపవే? కళ్యాణ సంధాయకా! """,మత్తేభము
"""జనకుం డెవ్వడు? జాతుఁ డెవ్వఁడు? జనిస్థానంబు లెచ్చోటు? సం
జననం బెయ్యది? మేను లేకొలఁదిఁ? సంసారంబు లేరూపముల్?
వినుమా యింతయు విష్ణుమాయ దలఁపన్వేఱేమియున్ లేదు; మో
హ నిబంధంబు నిదాన మింతటికి జాయా! విన్నఁబో నేటికిన్?""",మత్తేభము
"""భగవంతుం బరముం జనార్దనుఁ గృపాపారీణు సర్వాత్మకున్
జగదీశున్ హరి సేవజేయు మతఁడున్ సంతుష్టినిం బొంది నీ
కగు నిష్టార్థము లెల్ల నిచ్చు; నిఖిలార్థావాప్తి చేకూరెడిన్
భగవత్సేవలఁ బొందరాదె బహుసౌభాగ్యంబులం బ్రేయసీ!""",మత్తేభము
"""బలిమిన్ దైత్యులఁ జంపరాదు వినయోపాయంబునం గాని; సం
చలనం బొందకు; నేను నీ నియతికిన్ సద్భక్తికిన్ మెచ్చితిన్;
బలి విద్వేషియు నా నిలింపగణముం బౌలోమియున్ మెచ్చ దై
త్యుల రాజ్యంబు హరింతు; నింద్రునికి నిత్తున్; దుఃఖమింకేటికిన్""",మత్తేభము
"""నీ కోడండ్రును, నీ కుమారవరులున్, నీ నాథుఁడున్, నీవు సం
శ్లోకింపన్ సతులుం బతుల్ మిగుల సమ్మోదింప రాత్రించరుల్
శోకింపన్, భవదీయ గర్భమునఁ దేజోమూర్తి జన్మించెదన్
నాకున్ వేడుక పుట్టు నీ సుతుఁడనై నర్తించి వర్తింపఁగాన్.""",శార్ధూలము
"""నిలిపెన్ ఱెప్పల బృందిమన్, విశదిమన్ నేత్రంబులం, జూచుకం
బుల నాకాళిమ, మేఖలం ద్రఢిమ, నెమ్మోమారఁగాఁ బాండిమన్
బలిమిం జన్నుల, శ్రోణిపాళిగరిమన్, మధ్యంబునన్ బృంహిమ
న్లలితాత్మన్ లఘిమన్, మహామహిమ మేనన్ గర్భదుర్వారమై.""",మత్తేభము
"""రవి మధ్యాహ్నమునం జరింప గ్రహతారాచంద్రభద్రస్థితిన్
శ్రవణద్వాదశినాఁడు శ్రోణ నభిజిత్సంజ్ఞాత లగ్నంబునన్
భువనాధీశుఁడు పుట్టె వామనగతిం బుణ్యవ్రతోపేతకున్
దివిజాధీశ్వరు మాతకుం బరమపాతివ్రత్య విఖ్యాతకున్.""",మత్తేభము
"""చింతం బాసిరి యక్ష తార్క్ష్య సుమనస్సిద్ధోరగాధీశ్వరుల్
సంతోషించిరి సాధ్య చారణ మునీశబ్రహ్మ విద్యాధరుల్
గాంతిం జెందిరి భానుచంద్రములు; రంగద్గీత వాద్యంబులన్
గంతుల్ వైచిరి మింటఁ గింపురుషులున్ గంధర్వులుం గిన్నరుల్.""",శార్ధూలము
"""కలరున్ దాతలు; నిత్తురున్ ధనములుం; గామ్యార్థముల్ గొంచు వి
ప్రులు నేతెంతురు; గాని యీవిని బలిం బోలన్ వదాన్యుండు లేఁ
డలఘుండై యొనరించె నధ్వరశతం బా భార్గవానుజ్ఞచే;
బలి వేఁడం బడయంగ వచ్చు బహుసంపల్లాభముల్ వామనా! """,మత్తేభము
"""చండస్ఫూర్తి వటుండుఁ గాంచె బహుధాజల్పన్నిశాటంబు, ను
ద్దండాహూత మునీభ్యబిభ్యదమృతాంధస్సిద్ధకూటంబు, వే
దండాశ్వధ్వజనీ కవాటము, మహోద్యద్ధూమ సంఛన్న మా
ర్తాండస్యందన ఘోటమున్, బలిమఖాంత ర్వేదికావాటమున్""",శార్ధూలము
"""శంభుండో హరియో పయోజభవుఁడో చండాంశుఁడో వహ్నియో
దంభాకారత వచ్చెఁ గాక ధరణిన్ ధాత్రీసురుం డెవ్వడీ
శుంభద్యోతనుఁ డీ మనోజ్ఞ తనుఁ"" డంచున్ విస్మయభ్రాంతులై
సంభాషించిరి బ్రహ్మచారిఁ గని తత్సభ్యుల్ రహస్యంబుగన్.""",శార్ధూలము
"""ఇతఁడే దానవచక్రవర్తి సురలోకేంద్రాగ్నికాలాది ది
క్పతి గర్వాపనయప్రవర్తి, గతలోభస్ఫూర్తి, నానా మఖ
వ్రతదానప్రవణానువర్తి, సుమనోరామామనోభేదనో
ద్ధత చంద్రాతపకీర్తి, సత్యకరుణా ధర్మోల్లసన్మూర్తి దాన్.""",మత్తేభము
"""స్వస్తి జగత్త్రయీ భువన శాసన కర్తకు హాసమాత్ర వి
ధ్వస్త నిలింపభర్తకు, నుదారపదవ్యవహర్తకున్, మునీం
ద్రస్తుత మంగళాధ్వర విధాన విహర్తకు, నిర్జరీగళ
న్యస్త సువర్ణసూత్ర పరిహర్తకు, దానవలోక భర్తకున్.""",ఉత్పలమాల
"""వడుగా! యెవ్వరివాఁడ? వెవ్వఁడవు? సంవాసస్థలంబెయ్య? ది
య్యెడకున్ నీ వరుదెంచుటన్ సఫలమయ్యెన్ వంశమున్ జన్మముం;
గడు ధన్యాత్ముఁడనైతి; నీ మఖము యోగ్యంబయ్యె; నా కోరికల్
గడతేఱెన్; సుహుతంబులయ్యె శిఖులుం; గల్యాణ మిక్కాలమున్.""",మత్తేభము
"""వరచేలంబులొ మాడలో ఫలములో వన్యంబులో గోవులో
హరులో రత్నములో రథంబులొ విమృష్టాన్నంబులో కన్యలో
కరులో కాంచనమో నికేతనములో గ్రామంబులో భూములో
ధరణీ ఖండమొ కాక యే మడిగెదో ధాత్రీసురేంద్రోత్తమా! """,మత్తేభము
"""ఎదురై పోర జయింప రా దితనిఁ; గా కెందేనియుం బోవ భీ
ప్రదుఁడై ప్రాణులఁ దోలు మృత్యువు క్రియం బైవచ్చు నంచుం గ్రియా
విదుఁ డబ్జాక్షుఁడు సూక్ష్మరూపమున నావేశించె నిశ్శ్వాస రం
ధ్ర దిశన్ దైత్యు హృదంతరాళమునఁ బ్రత్యక్షక్రియాభీరుఁడై""",మత్తేభము
"""వసుధాఖండము వేఁడితో? గజములన్ వాంఛించితో? వాజులన్
వెసనూహించితొ? కోరితో యువతులన్ వీక్షించి కాంక్షించితో?
పసి బాలుండవు; నేర వీ వడుగ; నీ భాగ్యంబు లీపాటి గా
కసురేంద్రుండు పదత్రయం బడుగ నీ యల్పంబు నీ నేర్చునే?""",మత్తేభము
"""గొడుగో, జన్నిదమో, కమండలువొ, నాకున్ ముంజియో, దండమో,
వడుఁ గే నెక్కడ భూము లెక్కడ? కరుల్, వామాక్షు, లశ్వంబు లె
క్కడ? నిత్యోచిత కర్మ మెక్కడ? మదాకాంక్షామితంబైన మూఁ
డడుగుల్ మేరయ త్రోవ కిచ్చుటది బ్రహ్మాండంబు నా పాలికిన్.""",మత్తేభము
"""ఆశాపాశము దాఁ గడున్ నిడుపు; లే దంతంబు రాజేంద్ర! వా
రాశిప్రావృత మేదినీవలయ సామ్రాజ్యంబు చేకూడియుం
గాసిం బొందిరిఁ గాక వైన్య గయ భూకాంతాదులున్నర్థకా
మాశం బాయఁగ నేర్చిరే మును నిజాశాంతంబులం జూచిరే.""",శార్ధూలము
"""కులమున్ రాజ్యముఁ దేజమున్ నిలుపు మీ కుబ్జుండు విశ్వంభరుం
డలతిం బోఁడు; త్రివిక్రమస్ఫురణ వాఁడై నిండు బ్రహ్మాండముం;
గలఁడే మాన్ప నొకండు? నా పలుకు లాకర్ణింపు కర్ణంబులన్;
వలదీ దానము గీనముం బనుపుమా వర్ణిన్ వదాన్యోత్తమా! """,మత్తేభము
"""కారే రాజులు? రాజ్యముల్ గలుగవే? గర్వోన్నతిం బొందరే?
వారేరీ సిరిమూటఁగట్టుకొని పోవం జాలిరే? భూమిపైఁ
బేరైనం గలదే? శిబిప్రముఖులుం బ్రీతిన్ యశః కాములై
యీరే కోర్కులు? వారలన్ మఱచిరే యిక్కాలమున్? భార్గవా!""",శార్ధూలము
"""ఆదిన్ శ్రీసతి కొప్పుపైఁ, దనువుపై, నంసోత్తరీయంబుపై,
బాదాబ్జంబులపైఁ, గపోలతటిపైఁ, బాలిండ్లపై నూత్నమ
ర్యాదం జెందు కరంబు గ్రిం దగుట మీఁదై నా కరంబుంట మేల్
గాదే? రాజ్యము గీజ్యమున్ సతతమే? కాయంబు నాపాయమే?""",శార్ధూలము
"""నిరయంబైన, నిబంధమైన, ధరణీ నిర్మూలనంబైన, దు
ర్మరణంబైనఁ గులాంతమైన నిజమున్ రానిమ్ము; కానిమ్ము పో;
హరుఁడైనన్, హరియైన, నీరజభవుం డభ్యాగతుండైన నౌఁ;
దిరుగన్ నేరదు నాదు జిహ్వ; వినుమా; ధీవర్య! వే యేటికిన్?""",మత్తేభము
"""అన్నవు నీవు చెల్లెలికి; నక్కట! మాడలు చీర లిచ్చుటో?
మన్నన చేయుటో? మధుర మంజుల భాషల నాదరించుటో?
""మిన్నుల మ్రోతలే నిజము, మే""లని చంపకు మన్న! మాని రా
వన్న! సహింపు మన్న! తగ దన్న! వధింపకు మన్న! వేడెదన్.""",ఉత్పలమాల
"""చెలియల్, కన్నియ, ముద్దరా, లబల, నీ సేమంబె చింతించు ని
ర్మల, దీనిన్ బయలాడుమాటలకు నై మర్యాదఁ బోఁదట్టి, స
త్కుల జాతుండవు, పుణ్యమూర్తి, వకటా! కోపంబు పాపంబు, నె
చ్చెలి నోహో! తెగవ్రేయఁ బాడి యగునే? చింతింపు భోజేశ్వరా!""",మత్తేభము
"""కలఁగంబాఱి మఱందిఁ జెల్లెలి నుదగ్రక్రోధుడై పట్టి బ
ద్ధులఁ గావించి హరిం దలంచి వెస తోడ్తో వారు గన్నట్టి పు
త్రులఁ జంపెన్; గురు నుగ్రసేను యదుఁ దద్భోజాంధకాధీశు ని
ర్మలు బట్టెం గడు వాలి యేలెఁ జలమారన్ శూరసేనంబులన్.""",మత్తేభము
"""ఆ వసుదేవుఁ డంతఁ దన యం దఖిలాత్మక మాత్మ భూతముం
బావనరేఖయున్ భువనభద్రమునై వెలుఁగొందుచున్న ల
క్ష్మీవిభు తేజ మచ్చుపడఁ జేర్చినఁ దాల్చి నవీనకాంతితో
దేవకి యొప్పెఁ బూర్వయగు దిక్సతి చంద్రునిఁ దాల్చు కైవడిన్.""",ఉత్పలమాల
"""ఏమి దలంచువాఁడ? నిఁక నెయ్యది కార్యము? నాఁడునాఁటికిం
గామిని చూలు పెంపెసఁగె; గర్భిణిఁ జెల్లెలి నాఁడు పేద నే
నేమని చంపువాడఁ? దగ వేలని చంపితినేని శ్రీయు ను
ద్దామయశంబు నాయువును ధర్మమునుం జెడిపోవ కుండునే?""",ఉత్పలమాల
"""పుట్టువు లేని నీ కభవ! పుట్టుట క్రీడయె కాక పుట్టుటే?
యెట్టనుడున్ భవాదిదశ లెల్లను జీవులయం దవిద్య దాఁ
బుట్టుచు నుండుఁ గాని నినుఁ బుట్టినదింబలెఁ బొంతనుండియుం
జుట్టఁగ లేని తత్క్రియలఁ జొక్కని యెక్కటి వౌదు వీశ్వరా!""",ఉత్పలమాల
"""గురు పాఠీనమవై, జలగ్రహమవై, కోలంబవై, శ్రీనృకే
సరివై, భిక్షుఁడవై, హయాననుఁడవై, క్ష్మాదేవతాభర్తవై,
ధరణీనాథుడవై, దయాగుణగణోదారుండవై, లోకముల్
పరిరక్షించిన నీకు మ్రొక్కెద; మిలాభారంబు వారింపవే.""",మత్తేభము
"""మింటన్ మ్రోసిన మ్రోత తాలిమిని లోమేండ్రింప మున్ నీవు నా
యింటం బుట్టెద వంచుఁ గంసుడు దొడిన్ హింసించె నీ యన్నలం;
గంటం గూరుకుఁ దేఁడు; నీ యుదయ మా కారాజనుల్ చెప్పగాఁ
బంటింపం; డెదురేఁగుదెంచు వడి నీపై నేఁడు సన్నద్ధుఁడై.""",శార్ధూలము
"""విశ్వము లీల ద్రిప్పుచు నవిద్యకు జుట్టమ వైన నీకు దా
శాశ్వతమైన కాలమిది సర్వము వేడబమందు; రట్టి వి
శ్వేశ్వర! మేలుకుప్ప! నిను నెవ్వఁడుఁ గోరి భజించు వాడె పో
శాశ్వతలక్ష్మి మృత్యుజయ సౌఖ్యయుతుం డభయుండు మాధవా!""",ఉత్పలమాల
"""అన్న! శమింపుమన్న! తగ దల్లుఁడు గాఁ డిది మేనగోడ లౌ
మన్నన జేయు మన్న! విను మానినిఁ జంపుట రాచపాడి గా
దన్న! సుకీర్తివై మనఁగ దన్న! మహాత్ములు పోవు త్రోవఁ బో
వన్న! భవత్సహోదరిఁ గదన్న! నినున్ శరణంబు వేడెదన్.""",ఉత్పలమాల
"""తెంపరివై, పొరిం బొరిని, దేవకిబిడ్డలఁ జిన్నికుఱ్ఱలం
జంపితి, వంతనైన నుపశాంతి వహింపక, ఱాలమీఁద నొ
ప్పింపితి, విస్సిరో! యిదియు బీరమె? నా సరసన్ జనించి నిన్
జంపెడు వీరుఁ డొక్క దెస సత్కృతి నొందెడువాడు; దుర్మతీ!""",ఉత్పలమాల
"""పాపుఁడ; బాలఘాతకుఁడ; బంధు విరక్తుఁడ; దుష్ట చిత్తుఁడన్;
గోపనుఁడన్; జరన్మృతుఁడఁ; గ్రూరుఁడ; బ్రాహ్మణహంత భంగి మీ
పాపల జంపితిన్; బయలి పల్కుల నమ్మితి; సాధులార! నా
పాపము లుగ్గడింపక, కృపాపరులై కనరే! శమింపరే!""",ఉత్పలమాల
"""ఒక్కెడఁ బ్రాణులందఱు నిజోచితకర్మము లోలిఁ ద్రిప్పగా,
నొక్కొక మేనితో బొడమి, యొక్కొక త్రోవను రాకపోకలం
జిక్కులఁ బొందుచుండుదురు; చెల్మిని సంసృతితోడఁ బాయ, రే
నెక్కడి హంత? మీ శిశువు లెక్కడి హన్యులు? దూఱనేటికిన్?""",ఉత్పలమాల
"""బావా! నీ వచనంబు నిక్కము సుమీ; ప్రాణుల్ గతజ్ఞాను లై
నీవే నంచును లోభ మోహ మద భీ నిర్మిత్రతామోద శో
కావేశంబుల నొండొరుం బొడుతు రేకాకారుఁడై సర్వరూ
పావిష్టుండగు నీశ్వరుం దెలియలే రన్యోన్యవిభ్రాంతులై""",శార్ధూలము
"""భవదీయోజ్జ్వల బాహుచాప విలసద్బాణావళీ భగ్నులై,
దివిజాధీశ్వరు లే క్రియంబడిరొ? యే దేశంబులం డాఁగిరో?
శివునిం జొచ్చిరొ? బ్రహ్మఁ జెందిరొ? హరిన్ సేవించిరో? మౌని వృ
త్తి వనాంతంబుల నిల్చిరో? మనకు శోధింపం దగున్ వల్లభా!""",మత్తేభము
"""అమరశ్రేణికి నెల్లఁ జక్రి ముఖరుం; డా చక్రి యేధర్మమం
దమరున్; గోవులు, భూమిదేవులు, దితిక్షామ్నాయ కారుణ్య స
త్యములున్, యాగ తపోదమంబులును, శ్రద్ధాశాంతులున్ విష్ణుదే
హము; లిన్నింటిని సంహరించిన నతం డంతంబునుం బొందెడిన్.""",మత్తేభము
"""చంపుదుమే నిలింపులను? జంకెల ఱంకెలఁ దాపసావళిం
బంపుదుమే కృతాంతకుని పాలికిఁ? గ్రేపులతోడ గోవులం
ద్రుంపుదుమే? ధరామరులఁ దోలుదుమే? నిగమంబులన్ విదా
రింపుదుమే? వసుంధర హరింపుదు మే? జననాథ! పంపుమా.""",ఉత్పలమాల
"""వేడుకతోడఁ గ్రొమ్ముడులు వీడఁ, గుచోపరి హారరేఖ ల
ల్లాడఁ, గపోలపాలికల హాటకపత్రరుచుల్ వినోదనం
బాడఁ, బటాంచలంబు లసియాడఁగఁ, జేరి, యశోద యింటికిన్
జేడియ లేగి, చూచి రొగి జిష్ణుని విష్ణునిఁ జిన్నికృష్ణునిన్.""",ఉత్పలమాల
"""చెయువుల్ జేయుతఱిన్ విధాతకరణిం జెన్నొందు, సంతోష దృ
ష్టి యుతుండై నగుచున్ జనార్దనుని మాడ్కిం బొల్చు, రోషించి యు
న్న యెడన్ రుద్రునిభంగి నొప్పును, సుఖానందంబునం బొంది త
న్మయుడై బ్రహ్మముభాతి బాలుఁ డమరు న్బాహుళ్య బాల్యంబునన్.""",మత్తేభము
"""పలురోగంబుల నొందకున్నవె పసుల్? పాలిచ్చునే ధేనువుల్?
గొలఁకుల్ వాగులు వారిపూరితములే? గోష్ఠ ప్రదేశంబులం
బులులున్ దుప్పులు సంచరింపవు గదా? పొల్పారునే ఘోషముల్?
కలవే పచ్చని పూరిజొంపములు, తత్కాంతార భాగంబులన్?""",మత్తేభము
"""నీకున్ దేవకికిన్ జనించిన సుతానీకంబుఁ దోడ్తోడ ము
న్నీకంసుండు వధించె; మీ సుతఁ దుదిన్ హింసింపఁ, జే తప్పి, తా
నాకాశంబున కేగె; బాల యిది; దైవాధీనమాపద్దశన్
శోకంబందునె తజ్ఞుఁ; డూఱడిలు! నా సూనుండు నీ సూనుఁడే.""",శార్ధూలము
"""సిరి మమ్మున్ బ్రతుకంగఁ జూచుకొఱకై, శృంగారవేషంబుతో
నరుదేనోపు నటంచు గోపికలు జిహ్వల్ రాక మోహించి త
త్పరులై చూడ, లతాంగి బోయి కనియెం, బర్యంక మధ్యంబునం
బరు, భస్మానలతేజు, దుర్జనవధ ప్రారంభకున్, డింభకున్.""",మత్తేభము
"""ఆ లోకేశ్వరుఁ, డా చరాచరవిభుం, డా బాలగోపాలుఁ, డా
బాలధ్వంసిని గొంటు కంటిడి వెసన్ బాలింతచందంబునన్,
బాలిండ్లన్ విష మూని, వచ్చుట మదిన్ భావించి, లో నవ్వుచున్
గాలుం గేలు నెఱుంగకున్న కరణిం గన్మోడ్చి, గుర్వెట్టుచున్.""",శార్ధూలము
"""వనితా! ముట్టకు మమ్మ; చన్ను గుడుపన్వల్దమ్మ; నీ చన్నుమా
తనయుం డొల్లఁడు; వాసి పొ""మ్మని యశోదా రోహిణుల్ జీరఁ, గై
కొన, కీక్షించుచు మాయఁ బన్ని, పెలుచం గోశంబులో వాలు మె
ల్పున రాజిల్లుచు, మాట మెత్తఁదనమున్, లోవాడియు న్నేర్పడన్.""",మత్తేభము
"""అదరెం గొండలతోడ భూమి; గ్రహతారానీకముల్ మింటిపై
బెదరెన్; దిక్కుల మాఱు మ్రోత లెసఁగెన్; భీతిల్లి లోకంబులుం
గదలం బాఱెను; వజ్రభిన్నగిరిరేఖం బూర్వదేహంబుతోఁ
ద్రిదశధ్వంసిని గూలి, కుయ్యిడిన దద్దీర్ఘోరు ఘోషంబునన్.""",మత్తేభము
"""నేలంగూలిన దాని పెన్నురముపై నిర్భీతిఁ గ్రీడింప, ""నో!
బాలా! ర""మ్మని మూపుఁ జేర్చుకొని, సంస్పర్శించి, యూరార్చుచున్
గోలాంగూలముఁ ద్రిప్పి, గోవురజమున్ గోమూత్రముం జల్లి, త
ద్బాలాంగంబుల గోమయం బలఁది; రా పండ్రెండు నామంబులన్.""",శార్ధూలము
"""బాలుం డెక్కడ? బండి యెక్కడ? నభోభాగంబుపైఁ జేడ్పడం
గాలం దన్నుట యెక్క? డేల పడుచుల్ గల్లాడి? రీ జడ్డు ప
ల్కే లోకంబున నైనఁ జెప్పఁబడునే? యే చందమో కాక"" యం
చాలాపించుచుఁ బ్రేలు వ్రేతలు ప్రభూతాశ్చర్యలై రంతటన్.""",శార్ధూలము
"""పాపనిఁ జూడఁ గానక విపద్దశ నొంది కలంగి తల్లి ""యో
పాపఁడ! బాలసూర్యనిభ! బాలశిరోమణి! నేడు గాలికిం
జేపడిపోయితే"" యనుచుఁ జీరుచు దైవముఁ జాల దూఱుచుం
దాపము నొంది నెవ్వగల డయ్యుచుఁ గుందుచు బిట్టు గూయుచున్""",ఉత్పలమాల
"""ఇక్కడఁ బెట్టితిం దనయుఁ డిక్కడ నాడుచు నుండె గాలి దా
నెక్కడ నుండి వచ్చె శిశు వెక్కడి మార్గము పట్టిపోయె నే
నెక్కడఁ జొత్తు"" నంచుఁ గమలేక్షణ గ్రేపుఁ దొఱంగి ఖిన్నయై
పొక్కుచు వ్రాలు గోవు క్రియ భూస్థలి వ్రాలె దురంత చింతయై""",ఉత్పలమాల
"""ఆలోఁ జక్రసమీరదైత్యుఁడు మహాహంకారుఁడై మింటికిన్
బాలుం దోకొనిపోయి పోయి తుదిఁ దద్భారంబు మోవన్ బల
శ్రీ లేమిం బరిశాంత వేగుఁ డగుచుం జేష్టింపఁగా లేక ము
న్నీలా గర్భకుఁ జూడ నంచు నిటమీఁ దెట్లంచుఁ జింతించుచున్.""",శార్ధూలము
"""గత జన్మంబుల నేమి నోఁచితిమొ? యాగశ్రేణు లేమేమి జే
సితిమో? యెవ్వరి కేమి పెట్టితిమొ? యే చింతారతిం బ్రొద్దు పు
చ్చితిమో? సత్యము లేమి పల్కితిమొ? యే సిద్ధప్రదేశంబుఁ ద్రొ
క్కితిమో? యిప్పుడు జూడఁగంటి మిచటం గృష్ణార్భకు న్నిర్భయున్""",మత్తేభము
"""జ్యోతిశ్శాస్త్రుల కెల్ల మేటరివి తేజోమూర్తి వాశాంత వి
ఖ్యాత స్ఫూర్తివి బ్రహ్మబోధనుఁడ వాకర్ణింపు నా పల్కు ని
ర్ణీతుండైన గురుండు మానవులకున్ విప్రోత్తముం డండ్రు నీ
చాతుర్యంబున నీ కుమారులకు సంస్కారంబుఁ గావింపవే.""",శార్ధూలము
"""చప్పుడు చేయకుండు మని జంకె యొనర్చిన నల్గిపోవఁగా
నప్పుడు బార చాఁచి తన యర్మిలి విందులు వచ్చి రంచు న
వ్వొప్పఁగఁ జీరు తల్లి దెస కొత్తిలి కృష్ణుఁడు రంతు జేయుచు
న్నెప్పటియట్ల చన్గుడుచు నింపొలయన్ మొలగంట మ్రోయఁగన్.""",ఉత్పలమాల
"""కాంతలు దల్లితోఁ దన వికారము లెల్ల గణింప భీతుఁ డై
శాంతుని సొంపునం బరమ సాధుని పెంపున గోలమాడ్కి వి
భ్రాంతుని కైవడిన్ జడుని భంగిఁ గుమారకుఁ డూరకుండె నే
వింతయు లేక దల్లి కుచవేదికపైఁ దల మోపి యాడుచున్.""",ఉత్పలమాల
"""అమ్మా! మన్నుదినంగ నే శిశువునో? యాఁకొంటినో? వెఱ్ఱినో?
నమ్మం జూడకు వీరి మాటలు మదిన్; న న్నీవు గొట్టంగ వీ
రి మ్మార్గంబు ఘటించి చెప్పెదరు; కాదేనిన్ మదీయాస్య గం
ధ మ్మాఘ్రాణము జేసి నా వచనముల్ దప్పైన దండింపవే.""",శార్ధూలము
"""కలయో! వైష్ణవ మాయయో! యితర సంకల్పార్థమో! సత్యమో!
తలఁపన్ నేరక యున్నదాననొ! యశోదాదేవిఁ గానో! పర
స్థలమో! బాలకుఁడెంత? యీతని ముఖస్థంబై యజాండంబు ప్ర
జ్వలమై యుండుట కేమి హేతువొ! మహాశ్చర్యంబు చింతింపఁగన్""",మత్తేభము
"""కడుపారం జనుబాలు ద్రావని సుతుం గంజాక్షి పీఠంబుపై
నిడి పొంగారెడు పాలు డించుటకుఁనై యేగంగఁ దద్బాలుఁ డె
క్కుడు కోపంబున వాఁడిఱాత దధిమత్కుంభంబుఁ బోఁగొట్టి తెం
పడరం గుంభములోని వెన్నఁ దినె మిథ్యా సంకులద్బాష్పుఁడై.""",మత్తేభము
"""కని చేతన్ సెలగోలఁ బట్టికొనుచుం ""గానిమ్ము గానిమ్ము రా
తనయా! యెవ్వరి యందుఁ జిక్కుపడ నేదండంబునుం గాన నే
వినివారంబును బొంద నే వెఱపు నే విభ్రాంతియుం జెంద ము
న్ననియో నీవిటు నన్నుఁ గైకొనమి నేఁడారీతి సిద్ధించునే.""""",మత్తేభము
"""స్తనభారంబున డస్సి క్రుస్సి యసదై జవ్వాడు మధ్యంబుతో
జనిత స్వేదముతోఁ జలత్కబరితో స్రస్తోత్తరీయంబుతో
వనజాతేక్షణ గూడ బాఱి తిరిగెన్ వారించుచున్ వాకిటన్
ఘనయోగీంద్ర మనంబులున్ వెనుకొనంగా లేని లీలారతున్.""",మత్తేభము
"""సంపన్నుం డొరుఁ గాన లేఁడు తనువున్ సంసారమున్ నమ్మి హిం
సింపం జూచు దరిద్రుఁ డెత్తుబడి శుష్కీభూతుఁడై చిక్కి హిం
సింపం డన్యుల నాత్మకున్ సముల కాఁ జింతించు నట్లౌటఁ ద
త్సంపన్నాంధున కంజనంబు వినుమీ దారిద్ర్య మూహింపఁగన్.""",శార్ధూలము
"""నీ పద్యావళు లాలకించు చెవులున్ నిన్నాడు వాక్యంబులున్
నీ పేరం బనిచేయు హస్తయుగముల్ నీ మూర్తిపైఁ జూపులున్
నీ పాదంబుల పొంత మ్రొక్కు శిరముల్ నీ సేవపైఁ జిత్తముల్
నీ పై బుద్ధులు మాకు నిమ్ము కరుణన్ నీరేజపత్రేక్షణా!""",శార్ధూలము
"""పాడున్ మందుని భంగి; గోపవనితల్ పాణిధ్వనుల్ సేయఁగా
నాడున్ జంత్రముకైవడిం; బరవశుండై హస్తముల్ త్రిప్పుచుం;
జూడన్ నేరని వాని భంగి జనులం జూచున్; నగున్; బాలురం
గూడున్ బెద్దలపంపు చేయఁజను; డాగున్; మట్టిఁ జిట్టాడుచున్.""",శార్ధూలము
"""ఇక్కడ నుందురే మనుజు? లీ మన కృష్ణున కెగ్గు చేయఁగా
రక్కసురాలు చ న్నొసఁగె; ఱాలపయిన్ సుడిగాలి వీచెఁ; బై
గ్రిక్కిఱియం దరుల్ వడియెఁ; గేశవు సత్కృపఁ దప్పెఁ; జాలు నేఁ
డెక్కడి కైనఁ బోవలయు నిం కిట గోపకులార! వింటిరే?""",ఉత్పలమాల
"""ఇది యొక మంచిలేగ; వినుఁ డెంతయు నొప్పెడి"" నంచు దాని త
త్పదములు తోఁకయున్ బిగియఁబట్టి చెలంగి వెలంగ మ్రానితోఁ
జదియఁగ నొక్క పెట్టుగొని చంపెఁ గుమారుఁడు లేఁగరక్కసుం
గుదులుకొనంగ బాలకులు గోయని యార్వ నఖర్వ లీలతోన్.""",చంపకమాల
"""చంచువు దీఁటి పక్షములు జల్లున విచ్చి పదంబు లెత్తి కు
ప్పించి నభంబుపై కెగసి, భీషణ ఘోషణ వక్తృడై విజృం
భించి గరుత్సమీరమున భిన్నము లై తరులోలిఁ గూలఁగా
మించి బకాసురుం డొడిసి మ్రింగె సహిష్ణునిఁ జిన్నికృష్ణునిన్.""",ఉత్పలమాల
"""కంఠోపాంతము దౌడలున్ మెఱముచుం గాలాగ్ని చందంబునం
గుంఠీభూతుఁడు గాక వేండ్రమగు నా గోపాలబాలున్ జయో
త్కంఠున్ బ్రహ్మగురున్ మహామహిముఁ జక్కం మ్రింగ రాదంచు సో
ల్లుంఠం బాడుచు వాఁడు గ్రక్కె వెడలన్ లోకం బశోకంబుగన్.""",శార్ధూలము
"""ఎన్నఁడునైన యోగివిభు లెవ్వని పాదపరాగ మింతయుం
గన్నులఁ గాన రట్టి హరిఁ గౌఁగిఁటఁ జేర్చుచుఁ జెట్టఁ బట్టుచుం
దన్నుచు గ్రుద్దుచున్ నగుచుఁ దద్దయుఁ బైఁపడి కూడి యాడుచుం
మన్నన జేయు వల్లవకుమారుల భాగ్యము లింత యొప్పునే?""",ఉత్పలమాల
"""ఒక వన్యాజగరేంద్ర మల్లదె గిరీంద్రోత్సేధ మై దావ పా
వక కీలా పరుష ప్రచండతర నిశ్వాసంబుతో ఘోర వ
హ్ని కరాళాతత జిహ్వతోడ మనలన్ హింసింప నీక్షించుచున్
వికటంబై పడి సాగి యున్నది పురోవీధిం గనుంగొంటిరే?""",మత్తేభము
"""బకునిం జంపిన కృష్ణుఁ డుండ మనకుం బామంచుఁ జింతింప నే
టికి? రా పోదము దాఁటి; కాక యది కౌటిల్యంబుతో మ్రింగుడున్
బకువెంటం జనుఁ గృష్ణుచేత"" ననుచుం బద్మాక్షు నీక్షించి యు
త్సుకులై చేతులు వ్రేసికొంచు నగుచున్ దుర్వారులై పోవగన్.""",మత్తేభము
"""అర్భకు లెల్లఁ బాము దివిజాంతకుఁ డౌట యెఱుంగ; రక్కటా!
నిర్భయులై యెదుర్కొనిరి నేఁ గల” నంచు “విమూఢు” లంచు నా
విర్భవదాగ్రహత్వమున వెందగులన్ దమ లేఁగపిండుతో
దుర్భర ఘోర సర్ప ఘన తుండ బిలాంతముఁ జొచ్చి రందఱున్.""",మత్తేభము
"""వేల్పుల్ చూచి భయంబు నొంద గ్రసనావేశంబుతో నుజ్జ్వల
త్కల్పాంతోజ్జ్వలమాన జిహ్వ దహనాకారంబుతో మ్రింగె న
స్వల్పాహీంద్రము మాధవార్పిత మనోవ్యాపార సంచారులన్
యల్పాకారుల శిక్యభారులఁ గుమారాభీరులన్ ధీరులన్.""",శార్ధూలము
"""పడుచులు లేఁగలుం గలసి పైకొని వత్తురు తొల్లి కృష్ణ! మా
కొడుకు లదేల రా; రనుచు గోపిక లెల్లను బల్క నేక్రియన్
నొడివెద? నేఁడు పన్నగము నోరికి వీరికి నొక్కలంకెగా
నొడఁబడ నేలచేసె? విధి యోడక జేయుఁగదయ్య! క్రౌర్యముల్.""",ఉత్పలమాల
"""క్రూరవ్యాళ విశాల కుక్షిగతులన్ గోవత్ససంఘంబుతో
గారుణ్యామృతవృష్టిచేత బ్రతుకంగాఁ జూచి వత్సంబులున్
వారుం దాను దదాస్యవీధి మగుడన్ వచ్చెన్ ఘనోన్ముక్తుఁడై
తారానీకముతోడ నొప్పెసఁగు నా తారేశు చందంబునన్.""",శార్ధూలము
"""ఆ పెనుబాము మేన నొక యద్భుతమైన వెలుంగు దిక్తటో
ద్దీపకమై వడిన్ వెడలి దేవపథంబునఁ దేజరిల్లుచున్
క్రేపులు బాలురున్ బెదరఁ గృష్ణుని దేహము వచ్చి చొచ్చె నా
పాపఁడు చొచ్చి ప్రాణములఁ బాపిన యంతన శుద్ధసత్వమై.""",ఉత్పలమాల
"""ఆ వాద్యంబులు, నా మహాజయరవం, బా పాట, లా యాటలున్
దేవజ్యేష్ఠుఁడు పద్మజుండు విని ప్రీతిన్ భూమి కేతెంచి ""నే
డీ వత్సార్భకులన్ భుజంగపతి హింసింపంగ నీ బాలకుం
డేవెంటన్ బ్రతికించె? మే"", లనుచు నూహించెం గడుం నివ్వెఱన్.""",శార్ధూలము
"""కనియెం గృష్ణుఁడు సాధునీరము మహాగంభీరముం బద్మకో
కనదాస్వాద వినోద మోద మదభృంగ ద్వంద్వ ఝంకారమున్
ఘనకల్లోల లతావితాన విహరత్కాదంబ కోలాహల
స్వనవిస్ఫారము మందవాయుజ కణాసారంబుఁ గాసారమున్.""",మత్తేభము
"""ఎండన్ మ్రగ్గితి రాఁకటం బడితి రింకేలా విలంబింపఁగా
రండో బాలకులార! చల్ది గుడువన్ రమ్యస్థలం బిక్క డీ
దండన్ లేఁగలు నీరు ద్రావి యిరవందం బచ్చికల్ మేయుచుం
దండంబై విహరించుచుండఁగ నమందప్రీతి భక్షింతమే?""",శార్ధూలము
"""జలజాంతస్థిత కర్ణికం దిరిగిరా సంఘంబులై యున్న ఱే
కుల చందంబునఁ గృష్ణునిం దిరిగిరాఁ గూర్చుండి వీక్షించుచున్
శిలలుం బల్లవముల్ దృణంబులు లతల్ చిక్కంబులుం బువ్వు లా
కులు కంచంబులుగా భుజించి రచటన్ గోపార్భకుల్ భూవరా!""",మత్తేభము
"""వినుఁ డో! బాలకులార! క్రేపు లటవీవీధిన్ మహా దూరముం
జనియెన్ గోమల ఘాసఖాదన రతోత్సాహంబుతో నెందుఁ బో
యెనొ? యే మయ్యెనొ క్రూరజంతువులచే నే యాపదం బొందెనో?
కని తెత్తుం గుడువుండు చల్ది గొఱఁతల్ గాకుండ మీ రందఱున్.""",మత్తేభము
"""కర్ణాలంబిత కాక పక్షములతో గ్రైవేయహారాళితో
స్వర్ణాభాసిత వేత్రదండకముతో సత్పింఛదామంబుతోఁ
బూర్ణోత్సాహముతో ధృతాన్నకబళోత్ఫుల్లాబ్జహస్తంబుతోఁ
దూర్ణత్వంబున నేఁగె లేఁగలకునై దూరాటవీవీధికిన్.""",శార్ధూలము
"""బాలుం డయ్యు నితం డఘాసురుఁడు ద్రుంపన్ బాలురం గ్రేపులన్
యేలీలన్ బ్రతికించెనొక్కొ? భువి నూహింపం గడుం జోద్య"" మం
చాలో నంబుజసంభవుండు చని మాయా బాలు శుంభద్బలం
బాలోకింపఁ దలంచి డాఁచె నొకచో నా లేఁగలన్ బాలురన్.""",శార్ధూలము
"""వంచింపం బనిలేదు బ్రహ్మ కిచటన్ వత్సంబులన్ బాలురన్
వంచించెం గనుఁ బ్రామి; తన్ను మరలన్ వంచించు టాశ్చర్యమే?
వంచింపం మనకేల? తెచ్చుటకునై వ""ల్దంచు బ్రహ్మాండము
ల్వంచింపన్ మరలింప నేర్చు హరి లీలన్ మందహాసాస్యుఁడై.""",శార్ధూలము
"""కరముల్ పాదములున్ శిరంబు లవలగ్నంబుల్ ముఖంబుల్ భుజాం
తరముల్ ముక్కులు గన్నులుం శ్రవణముల్ దంతాదులున్ దండ కాం
బర స్రగ్వేణు విషాణ భూషణ వయో భాషా గుణాఖ్యాన త
త్పరతల్ వీడ్వడకుండఁ దాల్చె విభుఁ డా వత్సార్భకాకారముల్.""",మత్తేభము
"""కొడుకుల వేణునాదములు గొబ్బున వీనులకుం బ్రియంబు లై
ముడిపడ లేచి యెత్తుకొని మూర్కొని తల్లులు గౌగలించుచుం
జడిగొనఁ జేపువచ్చి తమచన్నుల యందు సుధాసమంబు లై
వెడిలెడి పాలు నిండుకొనువేడుక నిచ్చిరి తత్సుతాళికిన్.""",చంపకమాల
"""పాయని వేడ్కతో నునికిపట్టులకుం జని గోవులెల్ల నం
బే యని చీరి హుమ్మనుచుఁ బేరిచి మూర్కొని పంచితిల్లి పె
ల్లై యతిరేకమై పొదుగులం దెడలేక స్రవించుచున్న పా
లాయెడ నాకుచున్ సుముఖలై యొసఁగెన్ నిజవత్సకోటికిన్.""",ఉత్పలమాల
"""ముదమున హుంకరించుచును; మూఁపులపై మెడ లెత్తి చాఁచుచున్
బదములు నాల్గు రెండయిన బాగునఁ గూడఁగ బెట్టి దాఁటుచున్
వదనములన్ విశాలతర వాలములన్ వడి నెత్తి పాఱి యా
మొదవులు చన్నులంగుడిపె మూఁతుల మ్రింగెడిభంగి నాకుచున్.""",చంపకమాల
"""అయ్యలఁ గంటి మంచుఁ బులకాంకురముల్ వెలయంగఁ గుఱ్ఱలం
జయ్యన డాసి యెత్తికొని సంతస మందుచుఁ గౌగలింపఁ దా
రయ్యెడ నౌదలల్ మనము లారఁగ మూర్కొని ముద్దు చేయుచున్
దయ్య మెఱుంగు; గోపకులు దద్దయు నుబ్బిరి నిబ్బరంబుగన్.""",ఉత్పలమాల
"""మందం గల్గిన వత్సబాలకులు నా మాయా గుహాసుప్తులై
యెందుం బోవరు; లేవ రిప్పుడును; వేఱే చేయ నా కన్యు లొం
డెందున్ లేరు; విధాతలుం బరులు; వీ రెవ్వార లెట్లైరొకో?
యెం దేతెంచిరొ కృష్ణుతో మెలఁగువా? రేఁడయ్యెడిన్ నేఁటికిన్.""",శార్ధూలము
"""బాలురఁ గంటి నాచెయిది బాసినవారిని మున్ను వారి నేఁ
బోలఁగఁ జూచునంతటన భూరినిరర్గళదుర్గమప్రభా
జాలముతోడఁ జూపులకుఁ జాలమిఁ దెచ్చుచు నున్నవార; లే
మూలమొ మార్గమెయ్యదియొ? మోసము వచ్చెఁగదే విధాతకున్.""",ఉత్పలమాల
"""ఏ పరమేశు తేజమున నీ సచరాచరమైన లోక ము
ద్ధీపిత మయ్యె నట్టి విభుతేజముఁ గన్నులఁ జక్కఁ జూడఁగా
నోపక పారవశ్యమును నొందుచు సంస్తిమితాఖిలేంద్రియుం
డై పరమేష్టి మైమఱచె నప్పుడు చిత్రపురూపుకైవడిన్.""",ఉత్పలమాల
"""బాలుండై చతురాననుండు తన యీ బ్రహ్మాభిమానంబునన్
లోలుండై మతిదప్పి నా మహిమ నాలోకింప నేతెంచెఁ దా
నాలోకింపఁగ నెంతవాఁ? డనుచు మాయాజాలమున్ విప్పి త
ల్లీలా రూపము లెల్ల డాఁచె నటఁ గేళీచాతురీధుర్యుఁడై.""",శార్ధూలము
"""నను మన్నించి భవజ్జనంబులకు నానందంబు నిండించు నీ
తను రూపం బిదె నా మనంబున కచింత్యం బయ్యె; నీ యుల్లస
ద్ఘన విశ్వాకృతి నెవ్వఁ డోపు? నెఱుఁగన్ గైవల్యమై యొప్పు నా
త్మ నివేద్యంబగు నీదు వైభవము చందం బెట్టిదో? యీశ్వరా!""",మత్తేభము
"""ఏ వేళం గృపఁ జూచు నెన్నఁడు హరిన్ వీక్షింతు నం చాఢ్యుఁడై
నీ వెంటంబడి తొంటి కర్మచయమున్ నిర్మూలముం జేయుచున్
నీ వాఁడై తను వాఙ్మనోగతుల నిన్ సేవించు విన్నాణి వో
కైవల్యాధిపలక్ష్మి నుద్దవడిఁ దాఁ గైకొన్నవాఁ డీశ్వరా!""",శార్ధూలము
"""మాయలు గల్గువారలను మాయలఁ బెట్టెడి ప్రోడ నిన్ను నా
మాయఁ గలంచి నీ మహిమ మానముఁ జూచెద నంచు నేరమిం
జేయఁగఁ బూనితిం; గరుణ చేయుము; కావుము; యోగిరాజ వా
గ్గేయ! దవాగ్నిఁ దజ్జనిత కీలము గెల్చి వెలుంగ నేర్చునే.""",ఉత్పలమాల
"""వినుమో; యీశ్వర! వెల్పలన్ వెలుఁగు నీ విశ్వంబు నీ మాయ గా
క నిజంబైన యశోద యెట్లుగనియెం? గన్నార నీ కుక్షిలోఁ
గనెఁ బోఁ గ్రమ్మఱఁ గాంచెనే? భవదపాంగశ్రీఁ బ్రపంచంబు చ
క్కన లోనౌ; వెలి యౌను; లోను వెలియుం గాదేఁ దదన్యం బగున్;""",మత్తేభము
"""ఒకఁడై యుంటివి; బాలవత్సములలో నొప్పారి తీ వంతటన్
సకలోపాసితులౌ చతుర్భుజులునై సంప్రీతి నేఁ గొల్వఁగాఁ
బ్రకటశ్రీ గలవాఁడ వైతి; వటుపై బ్రహ్మాండముల్ జూపి యొ
ల్లక యిట్లొక్కఁడవైతి; నీ వివిధ లీలత్వంబుఁ గంటిం గదే?""",మత్తేభము
"""దేవా! నీ చరణప్రసాదకణలబ్ధిం గాక లేకున్న నొం
డేవెంటం జను నీ మహామహిమ నూహింపంగ నెవ్వారికిన్?
నీ వారై చనువారిలో నొకఁడనై నిన్ గొల్చు భాగ్యంబు నా
కీవే యిప్పటి జన్మమం దయిన నొం డెం దైన నో! యీశ్వరా!""",శార్ధూలము
"""ఏలా బ్రహ్మపదంబు? వేదములకున్ వీక్షింపఁగారాని ని
న్నీలోకంబున నీ వనాంతరమునం దీ మందలోఁ గృష్ణ యం
చాలాపాది సమస్త భావములు నీ యందే సమర్పించు నీ
వ్రేలం దొక్కని పాదరేణువులు పై వేష్ఠించినం జాలదే?""",శార్ధూలము
"""నిను హింసించిన పూతనాదులకు మున్ నీ మేటి సంకేత మి
చ్చిన నీకుం బుర దార పుత్ర గృహ గో స్త్రీ ప్రాణ దేహాదు లె
ల్లను వంచింపక యిచ్చు గోపకులకున్ లక్షింప నే మిచ్చెదో?
యని సందేహము దోఁచుచున్నది ప్రపన్నానీకరక్షామణీ!""",మత్తేభము
"""చెలికాఁడా! యరుదెంచితే యిచటికిన్? క్షేమంబునం గ్రేపులున్
నెలవుల్ జేరె నరణ్యభూమివలనన్ నీ వచ్చునం దాకఁ జ
ల్దులు వీ రించుక యెవ్వరుం గుడువ; రా లోకింపు; ర”మ్మంచు నా
జలజాక్షుండు నగన్ భుజించి రచటన్ సంభాషలన్ డింభకుల్.""",మత్తేభము
"""శాఖాపుష్పఫలప్రభారనతలై చర్చించి యో! దేవ! మా
శాఖిత్వంబు హరింపు; మంచు శుకభాషన్ నీ కెఱింగించుచున్
శాఖాహస్తములం బ్రసూనఫలముల్ జక్కన్ సమర్పించుచున్
శాఖిశ్రేణులు నీ పదాబ్జముల కోజన్ మ్రొక్కెడిం జూచితే.""",శార్ధూలము
"""పదవిక్షేపములన్ సవృక్షధరణీభాగంబు గంపింపఁగా
రదముల్ దీటుచుఁ గత్తిరించిన చెవుల్ రాజిల్ల వాలంబు భీ
తిదమై తూలఁగఁ గావరంబున సముద్దీపించి గోపాలకుల్
బెదరన్ రాముని ఱొమ్ముఁ దన్నె వెనుకై బీరంబు తోరంబుగన్.""",మత్తేభము
"""ఒక తాలాగ్రముఁ దాఁక వైవ నది కంపోద్రిక్తమై త్రుళ్ళి వే
ఱొక తాలాగ్రము పైఁబడ న్నదియు నయ్యుగ్రాహతిన్ నిల్వ కొం
డొక తాలాగ్రము పైఁ బడన్ విఱిగి యిట్లొండొంటిపైఁ దాలవృ
క్షకముల్ గూలెఁ బ్రచండ మారుతము దాఁకం గూలు చందంబునన్.""",మత్తేభము
"""తంతువులందుఁ జేలము విధంబున నే పరమేశు మూర్తి యం
దింతయుఁ బుట్టునట్టి జగదీశుఁ డనంతుఁడు దైత్యమాతృ ని
ట్లంతము జేయు టెంతపని? యద్భుత మే విను మంతలోన వాఁ
డంతముఁ బొందు టెల్లఁ గని యాతని బంధులు గార్దభంబులై.""",ఉత్పలమాల
"""గోపదరేణు సంకలిత కుంతలబద్ధ మయూరపింఛు ను
ద్దీపిత మందహాస శుభదృష్టి లసన్ముఖు వన్యపుష్ప మా
లా పరిపూర్ణు గోపజన లాలిత వేణురవాభిరాము నా
గోపకుమారునిం గనిరి గోపసతుల్ నయనోత్సవంబుగన్.""",ఉత్పలమాల
"""కటిచేలంబు బిగించి పింఛమునఁ జక్కం గొప్పు బంధించి దో
స్తట సంస్ఫాలన మాచరించి చరణద్వంద్వంబుఁ గీలించి త
త్కుటశాఖాగ్రము మీఁదనుండి యుఱికెన్ గోపాలసింహంబు ది
క్తటముల్ మ్రోయ హ్రదంబులో గుభగుభ ధ్వానం బనూనంబుగన్.""",మత్తేభము
"""భూరి మహాప్రతాప పరిపూర్ణ భయంకర గోపబాల కం
ఠీరవ పాత వేగ వికటీకృత దుర్విషభీషణోర్మి సం
పూరితమై వడిం గలఁగి పొంగి ధనుశ్శతమాత్ర భాగ వి
స్తారము బొందె న మ్మడుఁగు తప్తపయఃకణ బుద్బుదోగ్రమై.""",ఉత్పలమాల
"""పాఠీనాకృతిఁ దోయరాశినడుమన్ భాసిల్లి మున్నాఢ్యుఁడై
కాఠిన్యక్రియ నీదునేర్పు దనకుం గల్మిన్ భుజంగేంద్ర హృ
త్పీఠాగ్రంబున రోషవహ్ను లెగయన్ భీమంబుగా నీదె ను
ల్లోఠోత్తుంగతరంగమై మడుఁగు దుర్లోక్యంబుగా బాహులన్.""",శార్ధూలము
"""బాలుం డొక్కఁడు వీఁడు నా మడుఁగు విభ్రాంతోచ్చలత్కీర్ణ క
ల్లోలంబై కలఁగం జరించె నిట నే లోనుంటఁ జూడండు; మ
త్కీలాభీల విశాల దుస్సహ విషాగ్నిజ్వాలలన్ భస్మమై
కూలం జేసెద నేడు లోకులకు నా కోపంబు దీపింపఁగన్.""",శార్ధూలము
"""ఘోరవిషానలప్రభలు గొబ్బునఁ గ్రమ్మఁగ సర్పసైన్య వి
స్ఫారుఁడు గాళియోరగుఁడు పాఱివడిం గఱచెన్ పయోధరా
కారుఁ బయోవిహారు భయకంప విదూరు మహాగభీరు నా
భీరకుమారు వీరు నవపీత శుభాంబరధారు ధీరునిన్.""",ఉత్పలమాల
"""అదె మన కృష్ణునిం గఱచి; యంతటఁ బోక భుజంగమంబు దు
ర్మదమున మేనఁ జుట్టుకొని మానక యున్నది; యింక నేమి చే
యుద? మెటఁజొత్త? మే పురుషు లోపుదు రీ యహి నడ్డపెట్ట నె
య్యది సదుపాయ?"" మంచుఁ బడి రార్తరవంబులఁ దూలి గోపకుల్.""",చంపకమాల
"""చూడ వదేమి గౌరవపుఁజూపుల మమ్ము; సఖాలితోడ మా
టాడ వదేమి? మర్మముగ నందెలు పాదములందు మ్రోయ నే
డాడ వదేమి నర్తనము? లవ్వల మ్రోలను గోపికావళిం
గూడ వదేమి నవ్వులను? గోపకుమారవరేణ్య! చెప్పుమా;""",ఉత్పలమాల
"""అంతం గృష్ణుఁడు మేను పెంప భుజగుం డావృత్తులం బాసి తా
సంతప్తాయతభోగుఁ డై కఱచుటల్ చాలించి నిట్టూర్పుతో
శ్రాంతుండై తల లెత్తి దుర్విషము నాసావీథులం గ్రమ్మ దు
శ్చింతన్ దిక్కులు చూచుచుం దలఁగి నిల్చెన్ ధూమకాష్ఠాకృతిన్.""",శార్ధూలము
"""వెఱ మఱలేని మేటి బలువీరుఁడు కృష్ణకుమారుఁ డొక్క చేఁ
జఱచి ఖగేంద్రుచందమునఁ జక్కన దౌడలు పట్టి కన్నులం
జొఱజొఱ దుర్విషానలము జొబ్బిలు చుండఁగ నెత్తి లీలతో
జిఱజిఱఁ ద్రిప్పి వైచెఁ బరిశేషిత దర్పముఁ గ్రూరసర్పమున్.""",చంపకమాల
"""కుక్షిన్ లోకములున్న గౌరవముతో గోపాకృతి న్నున్న యా
రక్షోహంత వడిన్ మహాఫణిఫణారంగప్రదేశంబుపై
నక్షీణోద్ధత నాడుఁ; బాడుఁ; జెలఁగున్; హాసంబుతోడం బద
ప్రక్షేపంబులు జేయుఁ గేళిగతులం బ్రాణైకశేషంబుగన్.""",శార్ధూలము
"""వేలుపులైన లావుచెడి వేదనఁ బొందుచు నా విషానల
జ్వాలలు సోఁకినంతటన చత్తురు; నేడిది యేమి చోద్య? మా
భీలవిషాగ్ని హేతిచయపీడకు నోర్చియుఁ గ్రమ్మఱంగ నీ
బాలుఁడు మత్ఫణాశతము భగ్నముగా వెసఁ ద్రొక్కి యాడెడున్.""",ఉత్పలమాల
"""కచబంధంబులు వీడ భూషణము లాకంపింపఁ గౌఁదీవియల్
కుచయుగ్మంబుల వ్రేగునం గదలఁ బైకొంగుల్ వడిన్ జాఱఁగాఁ
బ్రచురభ్రాంతిఁ గలంగి ముందట రుదద్బాలావళిం గొంచు స్రు
క్కుచు, భక్తింజని కాంచి రా గుణమణిన్ గోపాలచూడామణిన్.""",మత్తేభము
"""ఎట్టి తపంబు జేసెనొకొ? యెట్టి సుకర్మము లాచరించెనో?
యెట్టి నిజంబు బల్కెనొకొ? యీ ఫణి పూర్వభవంబు నందు ము
న్నెట్టి మహానుభావులకు నెన్నఁడుఁ జేరువగాని నీవు నేఁ
డిట్టి వినోదలీలఁ దల లెక్కి నటించెద వీ ఫణీంద్రుపై.""",ఉత్పలమాల
"""బహు కాలంబు తపంబు చేసి వ్రతముల్ బాటించి కామించి నీ
మహనీయోజ్వల పాదరేణుకణ సంస్పర్శాధికారంబు శ్రీ
మహిళారత్నము తొల్లి కాంచె నిదె నేమం బేమియున్ లేక నీ
యహి నీ పాదయుగాహతిం బడసె నే డత్యద్భుతం బీశ్వరా!""",మత్తేభము
"""ఒల్లరు నిర్జరేంద్రపద మొల్లరు బ్రహ్మపదంబు నొందఁగా
నొల్లరు చక్రవర్తిపద మొల్లరు సర్వరసాధిపత్యము
న్నొల్లరు యోగసిద్ధి మఱియొండు భవంబుల నొందనీని నీ
సల్లలితాంఘ్రి రేణువుల సంగతి నొందిన ధన్యు లెప్పుడున్.""",ఉత్పలమాల
"""నేరము లెన్న నెక్కడివి? నేము దలంచు తలంపు లోపలన్
నేరుపు లున్నవే? సుతుల నేరమిఁ దండ్రులు ద్రోచిపుచ్చరే?
నేరము చేయువారి ధరణీపతు లొక్కకమాటు గావరే?
నేరము గల్గు మద్విభుని నే డిటఁ గావఁగదే కృపానిధీ!""",ఉత్పలమాల
"""బాలుం డీతఁడు మంచివాఁ డనుచుఁ జెప్పన్ రాము క్రూరుండు దు
శ్శీలుండౌ నవు నైన నేము సుభగశ్రీఁ బాసి వైధవ్య దు
ష్టాలంకారముఁ బొంద నోడెద మనాథాలాప మాలింపవే?
చాలున్ నీ పద తాండవంబు; పతిభిక్షం బెట్టి రక్షింపవే?""",శార్ధూలము
"""ఆకుల మయ్యె భోగ మిదె యౌదల లన్నియు వ్రస్సెఁ బ్రాణముల్
రాకలఁ బోకలం బొలిసె రాయిడి పెట్టక మా నిజేశుపై
నీ కరుణాకటాక్షములు నిల్పఁగదే తగ నో! సమస్త లో
కైకశరణ్య! యో! యభయకారణ! యో! కమలామనోహరా!""",ఉత్పలమాల
"""మలఁకలు మా ప్రచారములు మా ముఖముల్ విషవహ్ని ఘోరముల్;
ఖలులము; రోషజాతులము; గర్వుల; మే మొక మంచివారమే?
నళినదళాక్ష! ప్రాణులకు నైజగుణంబులు మాన నేర్చునే?
వెలయవె? మా వికారములు వింతలె? మే లొనరించి తీశ్వరా!""",చంపకమాల
"""ఇది మొద లెవ్వరైన నరు లీ యమునాతటినీ హ్రదంబులో
వదలక తోఁగి నన్ను నుపవాసముతోడఁ దలంచి కొల్చుచుం
గదలక దేవతాదులకుఁ గా జలతర్పణ మాచరించినన్
సదమలచిత్తులై దురితసంఘముఁ బాయుదు రా క్షణంబునన్.""",మత్తేభము
"""వచ్చిన సర్పవైరిఁ గని వ్రాలక లేచి మహాఫణావళుల్
విచ్చి దృగంచలంబుల నవీనవిషాగ్నికణంబు లొల్కఁగా
నుచ్చలదుగ్రజిహ్వలు మహోద్ధతిఁ ద్రిప్పుచు నూర్పు లందుఁ గా
ర్చిచ్చెగయంగఁ బాఱి కఱచెన్ విహగేంద్రు నహీంద్రుఁ డుగ్రతన్.""",ఉత్పలమాల
"""నిన్నా యుగ్ర భుజంగమంబు గఱవన్ నీ వాపదం బొందుచున్
న న్నేమంటి తనూజ! యోడవు గదా నా కూన! నా తండ్రి! రా
వన్నా"" యంచు శిరంబు మూర్కొని నిజాంకాగ్రంబుపై నిల్పుచున్
గన్నీ రొల్కఁగఁ గౌగలించెఁ దనయున్ గారాముతోఁ దల్లి దాన్.""",శార్ధూలము
"""అదె వచ్చెన్ దవవహ్ని ధూమకణ కీలాభీల దుర్వారమై
యిదె కప్పెన్ మము నెల్లవారి నిట మీఁ దేలాగు రక్షింపు; నీ
పదపద్మంబులకాని యొండెఱుఁగ; మో పద్మాక్ష! యో కృష్ణ! మ్రొ
క్కెద మో! రామ! మహాపరాక్రమ! దవాగ్నిన్ వేగ వారింపవే.""",మత్తేభము
"""జలజాక్షుండును రాముఁడున్ నటనముల్సల్పంగ గోపాల మూ
ర్తులతో వారలఁ గొల్చు నిర్జరులు సంతోషించి, వేణుస్వనం
బులుగావించుచుఁ గొమ్ములూదుచు శిరంబుల్ద్రిప్పుచుం బాడుచున్
వలనొప్పన్ వినుతించి రప్పుడు నటుల్ వర్ణించు చందంబునన్.""",మత్తేభము
"""వనజాక్షున్ బలిమిన్బలాఢ్యుఁడు తృణావర్తుండు మున్మింటికిం
గొనిపోఁ జాలక చిక్కినాఁ డతని నాకున్ మోవరా దంచు నా
దనుజారిన్ గొనిపోఁ దలంపక వడిన్ దైత్యేశుఁ డయ్యాటలోఁ
గొనిపోయెన్ గిరి దాఁటి రాము నఖిలక్రూరక్షయోద్దామునిన్.""",మత్తేభము
"""గురుశైలేంద్ర సమాన భారుఁ డగు నా గోపాలకున్ మోవలే
క రయోద్రేకము మాని దైత్యుఁడు నరాకారంబు జాలించి భీ
కర దైత్యాకృతి నేగె హేమకటకాకల్పంబుతో రాముతో
మురు వొప్పంగఁ దటిల్లతేందుయుత జీమూతంబు చందంబునన్.""",మత్తేభము
"""మోసము లేక వాని పెనుమూఁపుననుండుచు నా హలాయుధుం
డా సమయంబునం గనియె హాటక రత్న కిరీట కుండలో
ద్భాసిత మస్తకున్ భ్రుకుటి భాసుర దారుణ నేత్రునుగ్ర దం
ష్ట్రాసహితుం బ్రలంబు నురుశౌర్యవిలంబు మదావలంబునిన్.""",ఉత్పలమాల
"""ఆ గోపాలకు లందఱుం బసుల కుయ్యాలించి కౌమార కే
ళీ గాఢత్వము మాని గోఖురరదాళిచ్ఛిన్న ఘాసంబుతో
బాగై యున్న పథంబునం జని దవాపన్నంబు గాకుండ వే
వేగన్ గోగణమున్ మరల్చి రటవీవీధిన్ జవం బొప్పఁగన్.""",శార్ధూలము
"""నీ చుట్టాలకు నాపదల్ గలుగునే? నే మెల్ల నీ వార మ
న్యాచారంబు లెఱుంగ; మీశుడవు; మా కాభీలదావాగ్ని నే
డే చందంబున నింక దాఁటుదుము? మమ్మీక్షించి రక్షింప వ
న్నా! చంద్రాభ! విపన్నులన్ శిఖివితానచ్ఛన్నులన్ ఖిన్నులన్.""",శార్ధూలము
"""బంధుజనంబుచేత నిటు ప్రార్థితుఁడై హరి విశ్వరూపు “డో
బంధువులార! మీ నయనపంకజముల్ ముకుళింపుఁ డగ్నినీ
సంధి నడంతు నే” ననినఁ జక్కన వారలు నట్ల చేయుఁడున్,
బంధురదావపావకముఁ బట్టి ముఖంబునఁ ద్రావె లీలతోన్.""",ఉత్పలమాల
"""ఆ వర్షాగమమందు గోవుల నరణ్యాంతంబులన్ మేపుచున్
గోవిందుండు ప్రలంబవైరియుతుఁడై గోపాలవర్గంబుతోఁ
బ్రావీణ్యంబునఁ గందమూలఫలముల్ భక్షించుచున్ మంజుల
గ్రావాగ్రంబులఁ బ్రీతిఁ జల్దిగుడిచెం గాసారతీరంబులన్.""",శార్ధూలము
"""శ్రవణోదంచితకర్ణికారమునతో స్వర్ణాభ చేలంబుతో
నవతంసాయిత కేకిపింఛమునతో నంభోజ దామంబుతో
స్వవశుండై మధురాధరామృతముచే వంశంబుఁ బూరించుచు
న్నువిదా! మాధవుఁ డాలవెంట వనమం దొప్పారెడిం జూచితే?""",మత్తేభము
"""రావే సుందరి! యేమె బోటి! వినవే; రాజీవనేత్రుండు బృం
దావీధిం దగ వేణు వూఁదుచు లసత్సవ్యానతాస్యంబుతో
భ్రూవిన్యాసము లంగుళీ క్రమములుంబొల్పార షడ్జంబుగాఁ
గావించెన్ నటుభంగి బ్రహ్మమగు దద్గాంధర్వ సంగీతమున్.""",శార్ధూలము
"""నవగోస్థానక రంగమందుఁ బరమానందంబుతోఁ జూత ప
ల్లవ నీలోత్పల పింఛ పద్మదళ మాలా వస్త్ర సంపన్నులై
కవయై వేణువు లూఁదుచున్ బహునటాకారంబులం గేళితాం
డవముల్ జేసెద రీ కుమారకులు; వేడ్కం గామినుల్ గంటిరే.""",మత్తేభము
"""ఒనరన్ వ్రేతల కించుకేనియును లేకుండంగ గోపాలకృ
ష్ణుని కెమ్మోవి సుధారసంబు గొనుచుం జోద్యంబుగా మ్రోఁయుచుం
దన పర్వంబులు నేత్రపర్వములుగా దర్పించెఁ, బూర్వంబునన్
వనితా! యెట్టి తపంబు జేసెనొకొ యీ వంశంబు వంశంబులోన్.""",మత్తేభము
"""ముదితా! యే తటినీ పయఃకణములన్ మున్ వేణు వింతయ్యె నా
నది సత్పుత్రునిఁ గన్నతల్లి పగిదిన్ నందంబుతో నేడు స
మ్మద హంసధ్వని పాటగా వికచపద్మశ్రేణి రోమాంచమై
యొదవం దుంగతరంగ హస్తనటనోద్యోగంబు గావింపదే!""",మత్తేభము
"""నా మోసంబున కెద్ది మేర? విను నే నా పూర్వజన్మంబులన్
లేమా! నోములు నోఁచుచో నకట! కాళిందీతటిన్ వేణువై
భూమిం బుట్టెద నంచుఁ గోరఁ దగదే? బోధిల్లి యెట్లైన నీ
బామం దిప్పుడు మాధవాధరసుధాపానంబు గల్గుంగదే?""",శార్ధూలము
"""అమరేంద్రాంగన లాకసంబున విమానారూఢులై పోవుచుం
గమలాక్షున్ శుభమూర్తిఁ గాంచి మురళీగానంబు లందందఁ గ
ర్ణములన్ నిల్పుచు మేఖలల్ వదలఁగా నాథాంకమధ్యంబులం
బ్రమదా! వ్రాలిరి చూచితే వివశలై పంచాశుగభ్రాంతలై?""",మత్తేభము
"""కానల నుండుచున్ సరసగాన వివేకవిహీనజాతలై
వీనుల నేఁడు కృష్ణముఖ వేణురవామృతధార సోఁకినన్
మేనులు మేఁతలున్ మఱచి మెత్తని చూడ్కి మృగీమృగావళుల్
మానిని! చూడవమ్మ; బహుమానము చేసెఁ గృతార్థచిత్తలై.""",ఉత్పలమాల
"""తల్లుల చన్నుఁబాలు మును ద్రావు తఱిం దమకర్ణవీధులన్
వల్లభమైన మాధవుని వంశరవామృతధార చొచ్చినం
ద్రుళ్ళక పాలురాఁ దివక దూఁటక మానక కృష్ణుమీఁద దృ
గ్వల్లులు చేర్చి నిల్చె నదె; వత్సము లంగనలార! కంటిరే?""",ఉత్పలమాల
"""మమతన్ మోములు మీఁది కెత్తుకొని రోమంథంబు చాలించి హృ
త్కమలాగ్రంబులఁ గృష్ణు నిల్పి మురళీగానామృతశ్రేణి క
ర్ణములం గ్రోలుచు మేఁతమాని గళితానందాశ్రులై చిత్రితో
పమలై గోవులు చూచుచున్న వవిగో పద్మాక్షి! వీక్షించితే?""",మత్తేభము
"""జగతీజంబులశాఖ లెక్కి మురళీశబ్దామృతస్యందమున్
మిగులన్ వీనులఁ ద్రావి వ్రేఁగుపడి నెమ్మిం గృష్ణు రూపంబు చి
త్తగమై యుండఁగ నడ్డపెట్టు క్రియ నేత్రంబుల్ దగన్ మూసి యీ
ఖగముల్ చొక్కెడిఁ జూచితే? మునిజనాకారంబులం గామినీ!""",మత్తేభము
"""క్రమమొప్పన్ నదులెల్ల వంశరవ మాకర్ణించి సంజాత మో
హములన్ మన్మథసాయక క్షత విశాలావర్తలై హంస వా
క్యములం జీరి తరంగహస్తముల నాకర్షించి పద్మోప హా
రములం గృష్ణపదార్చనంబు సలిపెన్ రామా! విలోకించితే?""",మత్తేభము
"""బలకృష్ణాంఘ్రిసరోజ సంగమముచే భాసిల్లుచున్ ధన్యమై
ఫలపుష్పంబులఁ గానికల్ గురిసి సంభావించి మిన్నందుచున్
జలఘాసంబుల గోవులం దనిపి చంచద్భూజరోమాంచమై
వెలసెం జూడఁ గదమ్మ! యీ గిరిపురోవీధిన్ సరోజాననా!""",మత్తేభము
"""ఈ హేమంతము రాకఁ జూచి రమణీహేలాపరీరంభ స
త్సాహాయ్యంబునఁగాని దీని గెలువన్ శక్యంబుగా దంచుఁ దా
రూహాపోహవిధిం ద్రిమూర్తులు సతీయుక్తాంగు లైనారు గా
కోహో! వారలదేమి సంతత వధూయోగంబు రాఁ గందురే?""",శార్ధూలము
"""రమణుల్ ప్రొద్దుల మేలుకాంచి సఖులన్ రం డంచు నాత్మీయ నా
మములం జీరి, కుచద్వయీ భరములన్ మధ్యంబు లల్లాడఁగాఁ
బ్రమదోద్దామ గజేంద్రయాన లగుచుం బద్మాక్షునిం బాడుచున్
యమునాతీరముఁ జేరఁబోయిరి గృహీతాన్యోన్య హస్తాబ్జలై.""",మత్తేభము
"""ఉద్యద్గంధగజేంద్ర గౌరవముతో యోషాంబరంబుల్ విభుం
డాద్యుం డర్భకు భంగి నర్భకులతో హాసార్థియై కొంచు ద
న్నద్యంభఃకణ శీతవాత జనితానందంబుతో నెక్కెఁ దా
సద్యోముక్త దురంతపాదప జనుస్సంతాపమున్ నీపమున్.""",శార్ధూలము
"""రామల్ రామలతోడి నీ పనికిగా రాగింతురే మీ క్రియన్
మోమోటేమియు లేక దూఱెదరు మీ మోసంబు చింతింప రం
భో మధ్యంబున నుండి వెల్వడి వెసం బూర్ణేందుబింబాననల్
మీమీ చీరలు వచ్చి పుచ్చుకొనుఁడా; మీకిచ్చెదం జెచ్చెరన్. """,శార్ధూలము
"""ఇంతుల్ తోయము లాడుచుండ మగవా రేతెంతురే? వచ్చిరా
యింతల్ చేయుదురే? కృపారహితులై యేలోకమందైన నీ
వింతల్ నీ తలఁబుట్టెఁ గాక; మఱి యేవీ కృష్ణ! యో చెల్ల! నీ
చెంతన్ దాసులమై చరించెదము మా చేలంబు లిప్పింపవే.""",శార్ధూలము
"""వ్రతముల్ జేయుచు నొక్క మాటయిన నెవ్వానిన్ విచారించినన్
వ్రతభంగంబులు మానునట్టి వరదున్ వామాక్షు లీక్షించియున్
గతచేలాప్లవనంబు నేడు వ్రతభంగం బంచు శంకించి ఫా
లతట న్యస్త కరాబ్జలై సరసలీలన్ మ్రొక్కి రట్లందఱున్.""",మత్తేభము
"""అపకారంబులు చేయ వెవ్వరికి నేకాంతంబు లం దుండు నా
తప శీతానిల వర్ష వారకములై త్వగ్గంధ నిర్యాస భ
స్మ పలాశాగ్ర మరంద మూల కుసుమచ్ఛాయా ఫలశ్రేణిచే
నుపకారంబులు చేయు నర్థులకు నీ యుర్వీజముల్ గంటిరే.""",మత్తేభము
"""క్రతువున్ మంత్రముఁ దంత్రమున్ ధనములుం గాలంబు దేశంబు దే
వతయున్ ధర్మము నన్యముల్ దలఁప నెవ్వాఁ డట్టి సర్వేశ్వరున్
మతి నూహింపక గోపబాలుఁ డనుచున్ మందస్థితిం జూచి దు
ర్మతులై యన్నము లేదు లే దనిరి సన్మాన్యక్రియాశూన్యులై.""",మత్తేభము
"""కాంతారత్నములార! మీ గృహములం గళ్యాణమే? యేమి గా
వింతున్ మీ? కిటు రండు; మమ్ము నిచటన్ వీక్షింప నేతెంచినా
రెంతో వేడుకతో; నెఱుంగుదుము; నిర్హేతుస్థితిన్ నన్ను ధీ
మంతుల్ మీ క్రియఁ జేరి కందురుగదా మత్సేవలన్ సర్వమున్.""",శార్ధూలము
"""తగునే మాధవ! యిట్టి వాఁడిపలుకుల్ ధర్మంబులే మా యెడన్?
మగలుం బిడ్డలు సోదరుల్ జనకులున్ మమ్మున్ నివారింప మ
చ్చిగ నీ యంఘ్రులు చేరినార; మటఁబోఁ జేకొందురే వార లా
పగి దే మొల్లము; కింకరీజనులఁగా భావించి రక్షింపవే.""",మత్తేభము
"""కటకట! మోసపోయితిమి; కాంతల పాటియు బుద్ధి లేదు; నే
డిట హరిఁ గానఁబో నెఱుఁగ; మేము దురాత్ముల; మేము గల్మషో
ద్భటులము; విష్ణుదూరగుల ప్రాజ్ఞత లేల? తపంబు లేల? ప
ర్యటనము లేల? శీలములు యాగములున్ మఱి యేల కాల్పనే?""",చంపకమాల
"""క్రతువుల్ ధర్మము మంత్ర తంత్ర ధనముల్ కాలంబు దేశంబు దే
వతయున్ వహ్నులు మేదినీసురులు నెవ్వా డిట్టి సర్వేశుఁ డీ
క్షితి రక్షింప జనించినాఁ; డెఱుగ; మా శ్రీభర్తకుం గర్తకుం
గుతలోద్ధర్తకు మేము మ్రొక్కెదము రక్షోనాథ సంహర్తకున్.""",మత్తేభము
"""కోపింపం బనిలేదు శక్రునికిఁ; దాఁ గోపించుఁగా కేమి సం
క్షేపం బయ్యెడి దేమి? పట్టణములున్ గేహంబులున్ దేశముల్
వ్యాపారంబులు మీకుఁ బోయెడినె? శైలారణ్యభాగంబులన్
గోపత్వంబున నుండుచున్ మనకు సంకోచింపఁగా నేటికిన్?""",శార్ధూలము
"""గంధాలంకరణాంబరావళులచేఁ గైచేసి యిష్టాన్నముల్
బంధుశ్రేణియు మీరలుం గుడిచి నా భాషారతిన్ వేడుకల్
సంధిల్లన్, గిరి గో ద్విజానల నమస్కారంబు గావింపుఁడీ;
సంధిల్లున్ సకలేప్సితంబులును మీ జన్మంబు ధన్యం బగున్. """,శార్ధూలము
"""సకలాభీరులు వీఁడె కృష్ణుఁ డన నైజంబైన రూపంబుతో
నకలంకస్థితి నుండి ""శైల మిదె మీరర్చింప రం"" డంచుఁ దా
నొక శైలాకృతిఁదాల్చి గోపకులతో నొండొండఁ బూజించి గో
పక దత్తాన్నము లాహరించె విభుఁ డా ప్రత్యక్ష శైలాకృతిన్.""",మత్తేభము
"""వినుఁ డీ శైలము కామరూపి; ఖలులన్ వేధించు; నాజ్యాన్నముల్
మన మొప్పింపఁగ నాహరించె; మనలన్ మన్నించెఁ; జిత్తంబులో
ననుకంపాతిశయంబు చేసె మనపై"" నంచున్ సగోపాలుఁడై
వనజాక్షుండు నమస్కరించె గిరికిన్ వందారు మందారుఁడై.""",మత్తేభము
"""పెరుగుల్ నేతులు ద్రావి క్రొవ్వి, భువి నాభీరుల్ మదాభీరులై
గిరిసంఘాత కఠోరపత్రదళనక్రీడా సమారంభ దు
ర్భర దంభోళిధరుం బురందరు ననుం బాటించి పూజింప క
గ్గిరికిం బూజలు చేసి పోయి రిదిగో కృష్ణుండు ప్రేరేఁపఁగన్.""",మత్తేభము
"""ఉద్యత్సంపద నమ్మి నందతన యోద్యోగంబునన్ వెఱ్ఱులై
మద్యాగంబు విసర్జనీయ మని రీ మర్త్యుల్ వడిన్ మీరు మీ
విద్యుద్వల్లులఁ గప్పి గర్జనములన్ వేధించి గోవుల్ జనుల్
సద్యోమృత్యువుఁ బొంద ఱాల్ గురియుఁడీ; శౌర్యం బవార్యంబుగన్.""",శార్ధూలము
"""అక్కట! వానఁ దోగి వ్రజ మాకుల మయ్యెఁ గదయ్య! కృష్ణ! నీ
వెక్కడనుంటి? వింత తడవేల సహించితి? నీ పదాబ్జముల్
దిక్కుగ నున్న గోపకులు దీనత నొంద భయాపహారివై
గ్రక్కునఁ గావ కిట్లునికి కారుణికోత్తమ! నీకుఁ బాడియే?""",ఉత్పలమాల
"""తన్నొక యింతగైకొనరు; తప్పిరి; యాగము చేసి రంచుఁ దా
మిన్నుననుండి గోపకులమీఁద శిలల్ గురియించుచున్న వాఁ
డున్నత నిర్జరేంద్ర విభవోద్ధతి గర్వనగాధిరూఢుడై
కన్నులఁ గానఁ డింద్రుఁ డిటు; గర్వపరుం డొరుఁ గాన నేర్చునే?""",ఉత్పలమాల
"""కలఁగకుఁడీ వధూజనులు; కంపము నొందకుఁడీ వ్రజేశ్వరుల్;
తలఁగకుఁడీ కుమారకులు; తక్కినవారలు ఱాలవానచే
నలయకుఁడీ; పశువ్రజము నక్కడ నక్కడ నిల్వనీకుఁడీ;
మెలుపున మీకు నీశ్వరుఁడు మేలొసఁగుం గరుణార్ద్రచిత్తుఁడై.""",చంపకమాల
"""బాలుం డాడుచు నాతపత్ర మని సంభావించి పూగుత్తి కెం
గేలం దాల్చిన లీల లేనగవుతోఁ గృష్ణుండు దా నమ్మహా
శైలంబున్ వలకేలఁ దాల్చి విపులచ్ఛత్రంబుగాఁ బట్టె నా
భీలాభ్రచ్యుత దుశ్శిలాచకిత గోపీగోపగోపంక్తికిన్.""",శార్ధూలము
"""బాలుం డీతఁడు; కొండ దొడ్డది; మహాభారంబు సైరింపఁగాఁ
జాలండో; యని దీని క్రింద నిలువన్ శంకింపఁగా బోల; దీ
శైలాంభోనిధి జంతు సంయుత ధరాచక్రంబు పైఁబడ్డ నా
కే లల్లాడదు; బంధులార! నిలుఁ డీ క్రిందం బ్రమోదంబునన్.""",శార్ధూలము
"""హరిదోర్దండము గామ, గుబ్బశిఖరం, బాలంబి ముక్తావళుల్
పరఁగం జారెడు తోయబిందువులు, గోపాలాంగ నాపాంగ హా
సరుచుల్ రత్నచయంబు గాఁగ, నచలచ్ఛత్రంబు శోభిల్లెఁ ద
ద్గిరిభిద్దుర్మదభంజి యై జలధరాఖిన్న ప్రజారంజి యై.""",మత్తేభము
"""హరి కేలన్ గిరి యెత్తి వర్షజలఖిన్నాభీర గోరాజికిన్
శరణంబైనఁ ద్రిలోక రాజ్యమదముం జాలించి నిర్గర్వుఁడై
సురభిం గూడి బలారివచ్చి కనియెన్ సొంపేది దుష్టప్రజే
శ్వరదుర్మాన నిరాకరిష్ణు కరుణావర్ధిష్ణు శ్రీకృష్ణునిన్""",మత్తేభము
"""నీ సామర్థ్య మెఱుంగ మేఘములచే నీ ఘోషమున్ భీషణో
గ్రాసారంబున ముంచితిన్ మఖము నాకై వల్లవుల్ చేయ రం
చో సర్వేశ! భవన్మహత్త్వమున నా యుద్యోగ మిట్లయ్యె; నీ
దాసున్ నన్నుఁ గృతాపరాధుఁ గరుణన్ దర్శింపవే మాధవా!""",శార్ధూలము
"""నిను బ్రహ్మాదు లెఱుంగలేరు; జడతానిష్ఠుండ లోకత్రయా
వన దుర్మాన గరిష్ఠుఁడన్; విపులదుర్వైదుష్య భూయిష్ఠుఁడన్;
వినయ త్యాగ కనిష్ఠుడం; గుజనగర్వి శ్రేష్ఠుఁడన్; దేవ! నీ
ఘనలీలా విభవంబు పెంపుఁ దెలియంగా నెవ్వఁడన్? సర్వగా!""",మత్తేభము
"""అమరాధీశ్వర! లక్ష్మితోఁ దగిలి యిట్లంధుండవై యున్న నీ
సమదోద్రేకముఁ ద్రుంచివైచుటకు నీ జన్నంబుఁ దప్పించితిం
బ్రమదశ్రీరత దండధారి నగు నన్ భావింపఁ; రెవ్వాని ని
క్కము రక్షింపఁ దలంతు వాని నధనుం గావింతు జంభాంతకా!""",మత్తేభము
"""సురభిక్షీరములన్ సురద్విప మహాశుండా లతానీత ని
ర్జరగంగాంబువులన్ నిలింపజననీ సన్మౌనిసంఘంబుతో
సురనాథుం డభిషిక్తుఁ జేసి పలికెన్ సొంపార ""గోవిందుఁ"" డం
చు రణాక్రాంతవిపక్షుఁ దోయజదళాక్షున్ సాధుసంరక్షణున్!""",మత్తేభము
"""ఏ విభు పాదపద్మరతు లెన్నఁడు నెవ్వరుఁ బొందలేని పెం
ద్రోవఁ జరింతు రట్టి బుధతోషక! నీ వరుదెంచుటం బ్రమో
దావృత మయ్యెఁ జిత్తము కృతార్థత నొందె మనోరథంబు నీ
సేవఁ బవిత్రభావమునుఁ జెందె శరీరము నేఁడు మాధవా!""",ఉత్పలమాల
"""ఏ పరమేశ్వరున్ జగములిన్నిటిఁ గప్పిన మాయ గప్పఁగా
నోపక పారతంత్ర్యమున నుండు మహాత్మక! యట్టి నీకు ను
ద్దీపిత భద్రమూర్తికి సుధీజన రక్షణవర్తికిం దనూ
తాపము వాయ మ్రొక్కెద నుదార తపోధన చక్రవర్తికిన్.""",ఉత్పలమాల
"""ఎఱుఁగఁడు వీఁడు నా భటుఁ డొకించుక యైన మనంబులోపలం
దెఱకువ లేక నీ జనకుఁదెచ్చె; దయం గొనిపొమ్ము; ద్రోహమున్
మఱవుము; నన్ను నీ భటుని మన్నన చేయుము; నీదు సైరణన్
వఱలుదుఁ గాదె యో! జనకవత్సల! నిర్మల! భక్తవత్సలా! """,చంపకమాల
"""అని చింతించి దయాళుఁడైన హరి మాయాదూరమై, జ్యోతియై,
యనిరూప్యంబయి, సత్యమై, యెఱుకయై, యానందమై, బ్రహ్మమై,
యనఘాత్ముల్ గుణనాశమందుఁ గను నిత్యాత్మీయ లోకంబు గ్ర
క్కునఁ జూపెం గరుణార్ద్రచిత్తుఁ డగుచున్ గోపాలకశ్రేణికిన్.""",మత్తేభము
"""కలువలమేలికందువలు, కాముని కయ్యపు నేలలున్, విర
క్తులు దలడించువేళలు, చకోరక పంక్తుల భోగకాలముల్,
చెలువలు సైరణల్ విడిచి చిక్కు తఱుల్, ఘనచంద్ర చంద్రికా
జ్వలిత దిశల్, శరన్నిశలు, జారక దుర్దశ లయ్యె నయ్యెడన్.""",చంపకమాల
"""తరుణుల్ గొందఱు మూలగేహముల నుద్దండించి రారాక త
ద్విరహాగ్నిం బరితాప మొందుచు మనోవీధిన్ విభున్ మాధవుం
బరిరంభంబులు చేసి జారుఁ డనుచున్ భావించియుం జొక్కి పొం
దిరి ముక్తిన్ గుణదేహముల్ విడిచి ప్రీతిన్ బంధనిర్ముక్తలై.""",మత్తేభము
"""మును నేఁ జెప్పితిఁ జక్రికిం బగతుఁడై మూఢుండు చైద్యుండు పెం
పునఁ గైవల్యపదంబు నొందెఁ; బ్రియలై పొందంగ రాకున్నదే?
యనఘుం డవ్యయుఁ డప్రమేయుఁ డగుణుం డైనట్టి గోవిందమూ
ర్తి నరశ్రేణికి ముక్తిదాయిని సుమీ! తెల్లంబు భూవల్లభా!""",మత్తేభము
"""మేలా మీకు? భయంబు పుట్టదుగదా మీ మందకున్? సింహశా
ర్దూలానేకప ముఖ్యముల్ దిరిగెడిన్ దూరంబు లేతెంతురే?
యేలా వచ్చితి? రీ నిశా సమయమం దిచ్చోట వర్తింతురే?
చాలుంజాలు లతాంగులార! చనుఁడీ సంప్రీతితో మందకున్.""",శార్ధూలము
"""మీరేతెంచిన జాడఁ గానక వగన్ మీ తల్లులుం దండ్రులున్
మీ రాముల్ మఱదుల్ తనూజులు గురుల్ మీసోదరుల్ బంధువుల్
""మేరల్ మీఱిరి లేరు పోయి"" రనుచున్ మీ ఘోష భూభాగమం
దేరీతిం బరికించిరో తగవులే యీ సాహసోద్యోగముల్?""",శార్ధూలము
"""ఇలువడి సున్నఁజేసి, హృదయేశుల సిగ్గులు పుచ్చి, యత్తమా
మల నెరియించి, సోదరులమానము సూఱలు పుచ్చి, తల్లిదం
డ్రుల రుచిమాన్చి, బంధులకు రోఁత యొనర్చుచు జారవాంఛలన్
వలనఱి సత్కులాంగనలు వత్తురె? లోకులు సూచి మెత్తురే?""",చంపకమాల
"""ఇది యమునానదీజల సమేధిత పాదప పల్లవ ప్రసూ
న దళవిరాజితం బగు వనంబు; మనంబుల మేర దప్పెనో?
పొదిఁగిట నేడ్చు బిడ్డలకుఁ బోయుఁడు పాలు; విడుండు లేఁగలన్
మొదవులకున్; నిజేశ్వరుల ముద్దియలార! భజింపుఁ డొప్పుగన్.""",చంపకమాల
"""వనితలు! నన్నుఁ గోరి యిట వచ్చితి, రింతఁ గొఱంత లేదు మే
లొనరె; సమస్త జంతువులు నోలిఁ బ్రియంబులుగావె? నాకు నై
నను నిలువంగఁ బోలదు, సనాతన ధర్మము లాఁడువారికిం
బెనిమిటులన్ భజించుటలు పెద్దలు చెప్పుచు నుందు రెల్లెడన్.""",చంపకమాల
"""అకటా! నమ్మితి మేము; క్రూరుఁడన ని న్నర్హంబె; మా యిండ్లలో
సకలవ్యాప్తుల డించి నీ పదసరోజాతంబు లర్చింపఁ జి
క్కక యేతెంచితి, మీశుఁ; డాఢ్యుఁడవు; మోక్షాసక్తులం గాచు పో
లికఁ గావందగు గావవే? విడువ మేలే కాంతలన్ భ్రాంతలన్.""",మత్తేభము
"""పతులన్ బిడ్డల బంధులన్ సతులకుం బాటించుటే ధర్మప
ద్ధతి యౌ నంటివి; దేహధారిణులకున్ ధర్మజ్ఞ! చింతింపుమా;
పతి పుత్రాదిక నామమూర్తి వగుచున్ భాసిల్లు నీ యందుఁ ద
త్పతి పుత్రాదిక వాంఛలన్ సలిపి సంభావించు టన్యాయమే?""",మత్తేభము
"""సిరికి నుదార చిహ్నములు చేయు భవచ్చరణారవిందముల్
సరసిజనేత్ర! మా తపము సంపదఁ జేరితి మెట్టకేలకున్
మరలఁగ లేము మా మగల మాటల నొల్లము; పద్మగంధముల్
మరగినతేఁటు లన్య కుసుమంబుల చెంతనుఁ జేరనేర్చునే?""",చంపకమాల
"""అత్తలు మామలున్ వగవ నాఱడి కోడక నాథులన్ శుగా
యత్తులఁ జేసి యిల్వరుస లాఱడి పోవఁగ నీదు నవ్వులన్
మెత్తని మాటలన్ మరుఁడుమేల్కొని యేఁచిన వచ్చినార మే
పొత్తుల నొల్లమో పురుషభూషణ! దాస్యము లిచ్చి కావవే.""",ఉత్పలమాల
"""మగువల్ చిక్కరె తొల్లి వల్లభులకున్? మన్నించి తద్వల్లభుల్
మగపంతంబు తలంపరే? తగులముల్ మా పాలనే పుట్టెనే?
మగవారాడెడి మాటలే తగవు నీ మాటల్ మనోజాగ్నిచేఁ
బొగులం జాలము; కౌఁగలింపుము మముం బుణ్యంబు పుణ్యాత్మకా!""",మత్తేభము
"""కుండలదీప్త గండమును గుంచితకుంతల ఫాలమున్ సుధా
మండిత పల్లవాధరము మంజులహాస విలోకనంబునై
యుండెడు నీ ముఖంబుఁ గని యుండఁగ వచ్చునె? మన్మథేక్షు కో
దండ విముక్త బాణముల దాసుల మయ్యెద; మాదరింపవే.""",ఉత్పలమాల
"""భవదాలోకన హాస గీతజములై భాసిల్లు కామాగ్నులన్
భవదీయాధరపల్ల వామృతముచేఁ బాఁపం దగుం, బాఁపవే
ని వియోగానల హేతిసంహతులచే నీఱై, భవచ్చింతలన్
భవదంఘ్రిద్వయవీధిఁ బొందెదము నీ పాదంబులాన ప్రియా!""",మత్తేభము
"""కరుణాలోకములం బటాంచల కచాకర్షంబులన్ మేఖలా
కర బాహు స్తన మర్శనంబుల నఖాంకవ్యాప్తులన్, నర్మవా
క్పరిరంభంబుల మంజులాధర సుధాపానంబులం గాంతలం
గరగించెన్ రతికేళిఁ గృష్ణుడు గృపం గందర్పుఁ బాలార్చుచున్.""",మత్తేభము
"""చిక్కక యీశుఁడై యెదిరిఁ జిక్కులఁ బెట్టెడు మాయలానికిం
జిక్కి కృతార్థలై మరుని చిక్కులఁ జొక్కి లతాంగు లుండగా
మక్కువ శాంతి చేయుటకు మన్ననఁ జేసి ప్రసన్నుఁ డౌటకుం
జక్కన నా విభుండు గుణశాలి తిరోహితుఁడయ్యె న య్యెడన్.""",ఉత్పలమాల
"""నల్లనివాఁడు పద్మనయనంబులవాఁడు గృపారసంబు పైఁ
జల్లెడువాఁడు మౌళిపరిసర్పిత పింఛమువాఁడు నవ్వు రా
జిల్లెడు మోమువాఁ డొకఁడు చెల్వల మానధనంబుఁ దెచ్చె నో!
మల్లియలార! మీ పొదలమాటున లేఁడు గదమ్మ! చెప్పరే!""",ఉత్పలమాల
"""అంగజునైనఁ జూడ హృదయంగముఁడై కరఁగించు వాఁడు శ్రీ
రంగదురంబు వాఁడు, మధురంబగు వేణురవంబు వాఁడు మ
మ్మంగజుపువ్వుఁదూపులకు నగ్గము చేసె లవంగ! లుంగ నా
రంగములార! మీకడకు రాఁడు గదా! కృప యుంచి చూపరే!""",ఉత్పలమాల
"""అని యిబ్బంగి లతాంగు లందఱును బృందారణ్య మం దీశ్వరున్
వనజాక్షుం బరికించి కానక విభున్ వర్ణించుచుం బాడుచున్
మనముల్ మాటలుఁ జేష్ఠలుం గ్రియలు న మ్మానాథుపైఁ జేర్చి వే
చని ర య్యామున సైకతాగ్రమునకున్ సంత్యక్త గేహేచ్ఛలై.""",మత్తేభము
"""నీవు యశోదబిడ్డడవె? నీరజనేత్ర! సమస్తజంతు చే
తో విదితాత్మ; వీశుఁడవు; తొల్లి విరించి దలంచి లోక ర
క్షావిధ మాచరింపు మని సన్నుతి చేయఁగ సత్కులంబునన్
భూవలయంబుఁ గావ నిటు పుట్టితి గాదె మనోహరాకృతిన్.""",ఉత్పలమాల
"""గోవుల వెంటఁ ద్రిమ్మరుచుఁ గొల్చినవారల పాపసంఘముల్
ద్రోవఁగఁజాలి శ్రీఁ దనరి దుష్ట భుజంగఫణా లతాగ్ర సం
భావితమైన నీ చరణపద్మము చన్నులమీఁద మోపి త
ద్భావజ పుష్పభల్ల భవబాధ హరింపు వరింపు మాధవా!""",ఉత్పలమాల
"""ఘనలక్ష్మీ యుతమై మహా శుభదమై కామాది విధ్వంసియై
సనకాది స్తుతమై నిరంతర తప స్సంతప్తపున్నాగ జీ
వనమై యొప్పెడు నీ కథామృతము ద్రావం గల్గునే భూరి దా
న నిరూఢత్వము లేనివారలకు మానారీమనోహారకా!""",మత్తేభము
"""మాపటివేళ నీవు వనమధ్యము వెల్వడి వచ్చి గోష్పద
ప్రాపిత ధూళిధూసరిత భాసిత కుంతలమై సరోరుహో
ద్ధీపిత మైన నీ మొగము ధీరజనోత్తమ! మాకు వేడ్కతోఁ
జూపి మనంబులన్ మరునిఁ జూపుదు గాదె క్రమక్రమంబునన్.""",ఉత్పలమాల
"""నీవడవిం బగల్ దిరుగ నీ కుటిలాలకలాలితాస్య మి
చ్ఛావిధిఁ జూడకున్న నిమిషంబులు మాకు యుగంబులై చనుం
గావున రాత్రు లైన నినుఁ గన్నుల నెప్పుడుఁ జూడకుండ ల
క్ష్మీవర! ఱెప్ప లడ్డముగఁ జేసె నిదేల? విధాత క్రూరుఁడై""",ఉత్పలమాల
"""అక్కట! బంధులున్ మగలు నన్నలుఁ దమ్ములుఁ బుత్రకాదులున్
నెక్కొని రాత్రిఁ బోకుఁడన నీ మృదుగీతరవంబు వీనులన్
వెక్కసమైన వచ్చితిమి వేగమె మోహము నొంది నాథ! నీ
వెక్కడ బోయితో? యెఱుఁగ మీ క్రియ నిర్దయుఁ డెందుఁ గల్గునే?""",ఉత్పలమాల
"""అరవిందంబులకంటెఁ గోమలములై యందంబులై యున్న నీ
చరణంబుల్ కఠినంబులై మొనయు మా చన్నుంగవల్ మోవఁగా
నెఱియంబోలు నటంచుఁ బొక్కుదుము నీ యీ కర్కశారణ్య భూ
పరిసంచారము కృష్ణ! నీ ప్రియలకుం బ్రాణవ్యధం జేయదే?""",మత్తేభము
"""క్రమ్మి నిశాచరుల్ సురనికాయములన్ వడిఁదాఁకి వీఁక వా
లమ్ముల తెట్టెలన్ పఱవ నడ్డము వచ్చి జయింతు వండ్రు నిన్
నమ్మిన ముగ్ధలన్ రహితనాథల నక్కట! నేఁడు రెండు మూఁ
డమ్ముల యేటుకాఁ డెగువ నడ్డము రాఁ దగదే కృపానిధీ!""",ఉత్పలమాల
"""అని యిట్లంగన లంచితస్వరముతో నంకించుచుం బాడుచుం
దను ""రావే"" యని చీరి యేడువ జగత్రాణుండు త్రైలోక్య మో
హనుఁడై మన్మథ మన్మథుం డయి మనోజ్ఞాకారియై హారియై
ఘనపీతాంబరధారియై పొడమెఁ దత్కాంతాసమీపంబునన్.""",మత్తేభము
"""ఒక్క లతాంగి మాధవుని యుజ్జ్వలరూపము చూడ్కితీఁగలం
జిక్కఁగఁ బట్టి హృద్గతముఁ జేసి వెలిం జనకుండ నేత్రముల్
గ్రక్కున మూసి మేనఁ బులకంబులు క్రమ్మఁగఁ గౌగలించుచుం
జొక్కములైన లోచవులఁ జొక్కుచు నుండెను యోగి కైవడిన్.""",ఉత్పలమాల
"""మదనోద్దీపితుఁడైన నాథునికి సన్మానంబు గావించుచున్
ముదితల్ హాసవిలోకవిభ్రమములన్ మోదించుచుం జేరి త
త్పదముల్ హస్తతలంబులం బిసుకుచుం బైముట్టుచున్ దూఱుచుం
జదురుల్ పల్కుచుఁ గూర్మి నిట్లనిరి యీషత్కోపదీప్తాస్యలై.""",మత్తేభము
"""నను సేవించుచునున్నవారలకు నే నా రూపముం జూపఁ జూ
చినఁ జాలించి మదించి వారు మది నన్ సేవింపరో యంచు ని
ర్ధనికుం డాత్మధనంబు చెడ్డ నెపుడుం దత్పారవశ్యంబుఁ దా
ల్చిన భంగిన్ ననుఁ బాసి మత్ప్రియుఁడు దాఁ జింతించు నా రూపమున్""",మత్తేభము
"""పాయని గేహశృంఖలలఁ బాసి నిరంతర మత్పరత్వముం
జేయుచు నున్న మీకుఁ బ్రతిజేయ యుగంబుల నైన నేర; నన్
బాయక కొల్చు మానసము ప్రత్యుపకారముగాఁ దలంచి నా
పాయుటఁ దప్పుగాఁ గొనక భామినులార! కృపన్ శమింపరే!""",ఉత్పలమాల
"""ఆ సమయంబునన్ విభుఁ డనంతుఁడు కృష్ణుఁడు చిత్రమూర్తి యై
చేసెను మండలభ్రమణశీల పరస్పరబద్ధబాహు కాం
తా సువిలాసమున్ బహువిధస్ఫురితానన హస్త పాద వి
న్యాసము రాసముం గృతవియచ్చరనేత్ర మనోవికాసమున్.""",ఉత్పలమాల
"""నడుములు వీగియాడఁ, జిఱునవ్వులు నివ్వటిలంగ, హారముల్
సుడివడ, మేఖలల్ వదలఁ, జూడ్కిమెఱుంగులు పర్వ. ఘర్మముల్
పొడమఁ, గురుల్ చలింప, శ్రుతిభూషణముల్ మెఱయన్, సకృష్ణలై
పడతుక లాడుచుం జెలఁగి పాడిరి మేఘతటిల్లతాప్రభన్.""",చంపకమాల
"""యమునా కంకణ చారియై వనజ పుష్పామోద సంచారియై
రమణీఘర్మ నివారియై మదవతీ రాసశ్రమోత్తారియై
ప్రమదామానస నవ్యభవ్యసుఖ సంపత్కారియై చేరి యా
కమలాక్షుం డలరంగ గాలి విసరెం గల్యాణభావంబునన్.""",మత్తేభము
"""ప్రమద యొకర్తు మాధవుఁడు పాడ విపంచి ధరించి కేల సం
భ్రమమునఁ దంత్రి మీటుచుఁ దిరంబుగ ఠాయముచేసి యొక్క రా
గముఁ దగ నాలపించి సుభగస్వరజాతులు వేఱువేఱు కా
నమరఁగఁ బాడెఁ దన్ రమణుఁ డౌనన దారువు లంకురింపఁగన్.""",చంపకమాల
"""సతులుందానును నీటిలో వెడలి భూషా గంధ చేలాద్యలం
కృతుఁడై కుంభికరేణుయూధములతోఁ గ్రీడించు చందంబునన్
లతలందుం దరులందుఁ బుష్పమయ లీలాశయ్యలందున్ సుఖో
న్నతుఁడై కృష్ణుఁడు క్రీడలం దనిపె నా నారీలలామంబులన్.""",మత్తేభము
"""ఘనులై యెవ్వని పాదపంకజపరాగధ్యానసంప్రాప్త యో
గ నిరూఢత్వముచే మునీంద్రులు మహాకర్మంబులం బాసి బం
ధ నిరోధంబులు లేక విచ్చలవిడిం దర్పింతు, రా దివ్య శో
భనుఁ డెట్లుండిన నుండెఁ గాక; కలవే బంధంబు లుర్వీశ్వరా!""",మత్తేభము
"""మండిత మూర్తితోఁ గనకమాలికతో శుభలక్షణుండవై
యుండెడు నీకు దుష్టపు మహోరగదేహ మిదేల వచ్చె? నె
వ్వండవు? నామ మెయ్యది? భవంబున కెద్ది మిషంబు? నాకునొం
డొండ యెఱుంగఁ జెప్పుము బుధోత్తమ! నీపని చోద్యమయ్యెడిన్.""",ఉత్పలమాల
"""యదుకులమందు భక్తుల భయంబు హరించుటకున్ జనార్దనుం
డుదయము నొంది యీ యడవి కొక్క దినంబున రాఁగలండు త
త్పదమున నీవు దన్నఁబడి పన్నగ దేహముతోడఁ బాసి నీ
మొదలిటి మేనుఁ గాంచెదవు మూఢుఁడ! పొ"" మ్మని రో! దయానిధీ!""",చంపకమాల
"""నినుఁ జింతించిన విన్నఁ బేరుకొనినన్ నిర్మూలమై క్రుస్సి పా
పనికాయంబు వినష్టమౌ నఁట; భవత్పాదంబు నా మీఁదఁ బె
ట్టినఁ దద్భ్రాహ్మణశాపసంజనిత కౌటిల్యంబు దా నిల్చునే?
వనజాతేక్షణ! నేడు బాసె నురగత్వం బెల్ల నేఁ బోయెదన్.""",మత్తేభము
"""మఱి యొకనాటి రాత్రి బలమాధవు లుజ్జ్వల వస్త్రమాలికా
ధరులును లేపనాభరణ ధారులునై చని మల్లికాది పు
ష్పరస నిమగ్నమైన మధుపంబుల గీతము వించుఁ దద్వనాం
తరమున వెన్నెలన్ వ్రజనితంబిను లుండగఁ బాడి రింపుగన్.""",చంపకమాల
"""గ్రద్దన సాలవృక్షములు గైకొని బల్లిదు లన్నదమ్ము లా
యిద్దఱు కాలమృత్యువుల యేపున వే చని “యోడకుండుఁ డో!
ముద్దియలార!” యంచుఁ దను ముట్టినఁ జూచి కలంగి గుహ్యకుం
డుద్దవడిం దగం బఱచె నుత్తర మింతుల డించి భీతుఁడై.""",ఉత్పలమాల
"""ఓరీ! గుహ్యక! పోకుపోకు మని రోషోక్తిం బకారాతి వాఁ
డే రూపంబున నెందుఁ జొచ్చె నెటు బోయెం దోడఁ దా నేగి దు
ర్వారోదంచిత ముష్టి వాని తలఁ ద్రెవ్వంబెట్టి తద్వీరు కో
టీరభ్రాజిత రత్నముం గొనియె దండిన్ గోపికల్ జూడగన్.""",శార్ధూలము
"""భ్రూవిక్షేపముతోడ దాపలి భుజంబుం జెక్కుఁగీలించి కె
మ్మోవిన్ వేణువుఁ గూర్చి సుస్వరముగా మ్రోయించుచు న్నంగుళీ
ప్రావీణ్యంబు విభుండు చూపఁ గని సప్రాణేశలై యుండియున్
నీవీబంధము లూడఁ జొక్కుదురుపో నింగిన్ నిలింపాంగనల్.""",శార్ధూలము
"""నవమాధుర్యము గల్గు కృష్ణు మురళీ నాదామృతస్యందముల్
చెవులం జొచ్చి హృదంతరాళముల భాసిల్లన్ సవత్సంబులై
యువిదా! మేపులకుం దొఱంగి మృగ గోయూధంబు లుత్కంఠతో
దివికిం గంఠము లెత్తి లోవదలుఁబో దేహేంద్రియవ్యాప్తులన్.""",మత్తేభము
"""ఓ! కంజేక్షణ! కృష్ణుఁ డుజ్జ్వలిత హారోద్దాముఁడై గానవి
ద్యాకౌతూహలతన్ మనోజ్ఞ మురళీ ధ్వానంబు గావింపఁగా
నాకర్ణించి సశంపమై మొఱయు నీలాభ్రంబుగాఁ జూచుచుం
గేకారావము లిచ్చుచున్ మురియుఁ బో కేకీంద్రసంఘాతముల్.""",శార్ధూలము
"""లలనా! యేటికి తెల్లవాఱె? రవి యేలా తోఁచెఁ బూర్వాద్రిపైఁ?
గలకాలంబు నహంబు గాక నిశిగాఁ గల్పింపఁ డా బ్రహ్మ దా
వలఱేఁడుం గృపలేఁడు; కీరములు దుర్వారంబు; లెట్లోకదే;
కలదే మాపటికాల మందు మనకుం గంజాక్షు సంభోగముల్.""",మత్తేభము
"""ఎప్పుడు ప్రొద్దు గ్రుంకు? హరి యెప్పుడు గోవుల మేపి వచ్చు? నా
కెప్పుడు తన్ముఖాంబుజ సమీక్షణ మబ్బు? నతండు వచ్చి న
న్నెప్పుడు గారవించుఁ? దుది యెప్పుడు మద్విరహాగ్నిరాశికిం?
జెప్పఁగదమ్మ! బోటి! మరుచేఁతల నుల్లము తల్లడిల్లెడిన్.""",ఉత్పలమాల
"""చెలియా! కృష్ణుఁడు నన్నుఁ బాసి వనముం జేరంగ నయ్యా క్షణం
బులు నా కన్నియు నుండ నుండగఁ దగన్ బూర్ణంబులై సాగి లో
పలఁ దోఁచుం బ్రహరంబులై దినములై పక్షస్వరూపంబులై
నెలలై యబ్దములై మహాయుగములై నిండారు కల్పంబులై.""",మత్తేభము
"""అదె భానుం డపరాద్రిఁ జేరె; నిదె సాయంకాల మేతెంచె; న
ల్లదె గోపాదపరాగ మొప్పెసఁగె; బృందారణ్యమార్గంబు నం
దిదె వీతెంచె వృషేంద్రఘోషము; ప్రియుం డేతెంచె రం డంచుఁ దా
మెదు రేతెంతురు మాపు కృష్ణునికి న య్యింతుల్ పరిభ్రాంతలై.""",మత్తేభము
"""క్రేపులు పాఱె గోవులకుఁ; గ్రేపులు గోవులు గోవృషంబులం
బైపడె; వత్స ధేను వృషభంబులు గోపకులందుఁ జొచ్చె; నా
గోపకు లా వృషేంద్రములు గోవులు లేఁగలు విచ్చిపాఱఁగా
గోపచమూవిభుండు గనె గోవృషదైత్యుఁడు వెంటనంటఁగన్.""",ఉత్పలమాల
"""బాలుర నింతులం బసులఁ బాఱఁగఁ దోలుట బంటుపంతమే
చాలు; వృషాసురేంద్ర! బలసంపదఁ జూపఁగ నెల్లఁబాడి గో
పాలురమందఁ గాదు; చను పైఁబడితేని ప్రచండ కృష్ణశా
ర్దూలము నేడు నీ గళము ద్రుంపక చంపక పోవనిచ్చునే?""",ఉత్పలమాల
"""ఖురముల నేలఁ ద్రవ్వుచు నకుంఠిత వాల సమీరణంబులన్
విరవిరఁ బోయి మేఘములు విప్ప విషాణము లొడ్డికొంచు దు
స్తరతర మూర్తియై వృషభదైత్యుఁడు కన్నుల నిప్పు లొల్కఁగాఁ
దురతుర వచ్చి తాఁకె రిపుదుర్మదమోచనుఁ బద్మలోచనున్.""",చంపకమాల
"""యాదవకుంజరుండు వృషభాసురు కొమ్ములు రెండుఁ బట్టి య
ష్టాదశపాదమాత్రము గజంబు గజంబును ద్రొబ్బు కైవడిన్
భేదిల ద్రొబ్బ న య్యసుర పిమ్మిటి నొంది చెమర్చి మ్రొగ్గి దు
ర్మాదముతోడ డీకొనెఁ బ్రమత్తవిమర్దను నా జనార్దునున్.""",ఉత్పలమాల
"""ఘనుఁడొకనాడు నారదుఁడు కంసునితోడ యశోద కూఁతు దాఁ
గనుటయుఁ జక్రి దేవకికి గర్భజుఁ డౌటయు మున్ను రోహిణీ
తనయుఁడు రాముఁడౌటయును దద్విభు లిద్దఱు మంద నున్నవా
రని యెఱుఁగంగఁ జెప్పిన మహాద్భుత మంచుఁ జలించి గిన్కతోన్.""",చంపకమాల
"""కొడుకుల మందలోన నిడి గొంటుతనంబున మోసపుచ్చె నీ
బడుగునుఁ బట్టి చంపు టిది భావ్య"" మటంచుఁ గృపాణపాణి యై
వడి వసుదేవునిం దునుమ వచ్చిన కంసునిఁ జూచి నారదుం
డుడుగుము చంపఁ బోల దని యోడక మానిచి పోయె మింటికిన్.""",చంపకమాల
"""ఎందున్ నన్నెదిరించి పోరుటకు దేవేంద్రాదులుం జాల రీ
బృందారణ్యము మంద నిప్పుడు మదాభీరార్భకుల్ రామ గో
విందుల్ వర్ధిలుచున్న వారఁట రణోర్విం గంసుని ద్రుంతు మం
చున్ దర్పంబులు పల్కుచుందు రఁట యీ చోద్యంబులన్ వింటిరే?""",శార్ధూలము
"""విన్నాణంబులఁ బోరనేర్తురు మహావీర్యప్రతాపాది సం
పన్నుల్ మీరలు మేటి మల్లుగములం బ్రఖ్యాతులై పెంపుతో
మన్నా రా బలకృష్ణులం బెనఁకువన్ మర్దించి మత్ప్రీతి కా
సన్నుల్ గండు పురీజనుల్ పొగడ నో! చాణూర! యో! ముష్టికా!""",శార్ధూలము
"""రారా హస్తిపకేంద్ర! గండమదధారాగంధలోభాంధ గం
భీరాళివ్రజమైన మత్కువలయాపీడద్విపేంద్రంబు మ
ద్వారోదంచిత దేహళీపరిసరస్తంభంబు డాయంగ నా
భీరుల్ రా నదలించి డీకొలుపుమీ బీరంబు తోరంబుగన్.""",శార్ధూలము
"""అక్రూరత్వముతోడ నీవు మనఁగా నక్రూరనామంబు ని
ర్వక్రత్వంబునఁ జెల్లె మైత్రి సలుపన్ వచ్చున్ నినుం జేరి నీ
వక్రోధుండవు మందలోన బలకృష్ణాభీరు లస్మద్వినా
శక్రీడారతులై చరింతురఁట యోజందెచ్చి యొప్పింపవే.""",శార్ధూలము
"""కొండల్గూలఁగఁ ద్రొబ్బు కొమ్ముల తుదిం గోపించి కోరాడుచో
దండిన్ దండి నధఃకరించు నొకవేదండంబు నా యింట బ్ర
హ్మాండంబైనఁ గదల్పనోపు బలకృష్ణాభీరులం బోరిలో
ఖండింపం దడవెంత? దాని; కదియుం గాదేని నక్రూరకా!""",శార్ధూలము
"""చాణూరుండును ముష్టికుండును సభాసంఖ్యాతమల్లుల్ జగ
త్ప్రాణున్ మెచ్చరు సత్వసంపదల బాహాబాహి సంగ్రామపా
రీణుల్ వారలు రామకృష్ణుల బలోద్రేకంబు సైరింతురే?
క్షీణప్రాణులఁ జేసి చూపుదురు సంసిద్ధంబు యుద్ధంబునన్.""",శార్ధూలము
"""పంపినఁ బోనివాఁడనె నృపాలక! మానవు లెన్న తమ్ము నూ
హింపరు దైవయోగముల నించుకఁ గానరు తోఁచినట్లు ని
ష్కంపగతిం చరింతు రది గాదన వచ్చునె? యీశ్వరేచ్ఛఁ ద
ప్పింపఁగ రాదు నీ పగతు బిడ్డలఁ దెచ్చెదఁ బోయి వచ్చెదన్.""",ఉత్పలమాల
"""పేదల ఘోషగోపకుల బిట్టదలించుట వీరధర్మమా?
కాదు; వ్రజంబులో దనుజఘస్మరుఁ డే"" డని తన్ను రోయు క్ర
వ్యాదునిఁ జూచి గోపకుల కడ్డమువచ్చి ""నిశాట! యింకఁ బో
రా"" దని శౌరి చీరె మృగరాజు క్రియన్ నెదిరించె దైత్యుఁడున్.""",ఉత్పలమాల
"""తన్నిన తన్నునం బడక దానవహంత సమీకరంతయై
కన్నులఁ గెంపు పెంపెనయ గ్రక్కున ఘోటనిశాటు పాదముల్
వన్నె చెడంగఁ బట్టి పడవైచె ధనుశ్శతమాత్రదూరమున్
పన్నగడింభమున్ విసరి పాఱఁగవైచు ఖగేంద్రు కైవడిన్.""",ఉత్పలమాల
"""వైచిన మ్రొగ్గి లేచి వెస వాజినిశాటుఁడు హుంకరించి సం
కోచము లేక పైఁ బడిన గోపకులేంద్రుఁడు దిగ్గజేంద్ర శుం
డాచటుల ప్రభాబల విడంబకమైన భుజార్గళంబు దో
షాచరు నోటిలోన నిడెఁ జండఫణిన్ గుహ నుంచుకైవడిన్.""",ఉత్పలమాల
"""దంభోళిప్రతిమాన కర్కశ మహోద్యద్వామ దోఃస్తంభమున్
శుంభల్లీల నఘారి వాని రదముల్ చూర్ణంబులై రాలఁగా
గంభీరంబుగఁ గుక్షిలోఁ జొనిపి వీఁకన్ వృద్ధిఁ బొందించుచున్
గుంభించెం బవనంబు పిక్కటిలఁ దత్కుక్షిన్ నరేంద్రోత్తమా!""",శార్ధూలము
"""కృష్ణా! నీ వొనరించు కార్యములు లెక్కింపన్ సమర్థుండె? వ
ర్ధిష్ణుండైన విధాత మూఁడుగుణముల్ దీపించు లోపించు రో
చిష్ణుత్వంబున నుండు నీవలన; నిస్సీమంబు నీ రూపు నిన్
విష్ణున్ జిష్ణు సహిష్ణు నీశు నమితున్ విశ్వేశ్వరున్ మ్రొక్కెదన్.""",శార్ధూలము
"""ఆలో దొంగలలో మయాసురసుతుం డాద్యుండు వ్యోముండు గో
పాలుండై చని మేషకల్పనలతో భాసిల్లి క్రీడించు త
ద్బాల వ్రాతము నెల్ల మెల్లనఁ జతుఃపంచావశిష్టంబుగా
శైలాంతర్గుహలోనికిం గొనిచనెం జౌర్యం బవార్యంబుగన్.""",శార్ధూలము
"""వీరుఁడు మాధవుం డఖిలవేది నిశాచరభేది నవ్వుతో
""నౌర! నిశాట! దొంగతన మచ్చుపడెన్ నెఱదొంగ వౌదు; వా
భీరుల నెల్ల శైలగుహఁ బెట్టితి చిక్కినవారిఁ బెట్టరా;
రార"" యటంచుఁ బట్టె మృగరాజు వృకాఖ్యముఁ బట్టు కైవడిన్.""",ఉత్పలమాల
"""పంకజలోచనుం డొడిసి పట్టిన శైలనిభాసురాకృతిన్
బింకముతోడఁ బొంగి విడిపించుకొనంగ బలంబు లేమి లో
శంకిలి బిట్టు తన్నుకొనఁ జక్కన నా రణభీము వ్యోమునిం
గొంకక కూల్చె న వ్విభుఁడు గోయని మింట సుపర్వు లార్వఁగన్.""",ఉత్పలమాల
"""ఎట్టి తపంబుఁ జేయఁబడె? నెట్టి చరిత్రము లబ్ధమయ్యెనో?
యెట్టి ధనంబు లర్హులకు నీఁబడెనో తొలిబామునందు; నా
యట్టి వివేకహీనునకు నాదిమునీంద్రులు యోగదృష్టులం
బట్టఁగలేని యీశ్వరుని బ్రహ్మమయున్ హరిఁ జూడఁగల్గెడిన్.""",ఉత్పలమాల
"""సూరులు దొల్లి యే విభుని శోభిత పాదనఖ ప్రభావళిం
జేరి భవాంధకారములఁ జిక్కక దాఁటుదు రట్టి దేవునిన్
వైరముతోడనైనఁ బిలువన్ ననుఁ బంచి శుభంబుఁ జేసె ని
ష్కారణ ప్రేమతోడ; నిదె కంసునిఁ బోలు సఖుండు గల్గునే.""",ఉత్పలమాల
"""ఇతఁడా కంసునిచేతఁ బంపువడి నన్ హింసింప నేతెంచినాఁ
డతిదుష్టుం డని చూచునో? సకలభూతాంతర్బహిర్మధ్య సం
గతుఁ డౌటం దలపోసి నన్ను సుజనుంగాఁ జూచునో? యెట్టి యు
న్నతిఁ గావించునొ? యే క్రియం బలుకునో? నా భాగ్య మెట్లున్నదో?""",మత్తేభము
"""అలకభ్రాజితమై సుధాంశునిభమై హాసప్రభోద్దామమై
జలజాక్షంబయి కర్ణకుండల విరాజద్గండమై యున్న యా
జలజాతాక్షు ముఖంబు చూడఁగలుగున్ సత్యంబుపో నాకు నా
వలది క్కేగుచు నున్న వీ వనమృగ వ్రాతంబు లీ త్రోవలన్.""",మత్తేభము
"""మాపటివేళ నేను చని మాధవుపాదసమీప మందు దం
డాపతితుండనైన నతఁ డాశుగకాలభుజంగవేగ సం
తాపిత భక్తలోక భయ దారణమైన కరాబ్జ మౌదలన్
మోపి హసించి నా కభయముం గృపతోడుత నీయకుండునే?""",ఉత్పలమాల
"""కనె నక్రూరుఁడు పద్మనేత్రులను రంగద్గాత్రులన్ ధేను దో
హన వాటీగతులన్ నలంకృతుల నుద్యద్భాసులం బీత నీ
ల నవీనోజ్జ్వలవాసులం గుసుమమాలాధారులన్ ధీరులన్
వనితాకాములఁ గృష్ణరాముల జగద్వంద్యక్రమోద్దాములన్.""",మత్తేభము
"""శుభమే నీకుఁ? బ్రమోదమే సఖులకుం? జుట్టాలకున్ క్షేమమే?
యభయంబే ప్రజకెల్ల? గోత్రజుల కత్యానందమే? మామ ము
క్త భయుండే? వసుదేవ దేవకులు తత్కారాగృహం బందు మ
త్ప్రభవ వ్యాజ నిబద్ధులై బ్రతికిరే ప్రాణానిలోపేతులై?""",మత్తేభము
"""నెఱి నేడిక్కడ నీవు రాఁగ వగతో నీతోడ నేమైన నా
కెఱుఁగం జెప్పుమటంచుఁ జెప్పరు గదా యేమందు? రా వార్త యే
తెఱఁగున్ లేదని డస్సిరో వగచిరో దీనత్వముం జెందిరో
వెఱతో నా తలిదండ్రు లెట్లుపడిరో? విన్పింపు మక్రూరకా!""",మత్తేభము
"""భూనాథుండు మఖంబుఁ జూఁడఁ బిలువం బుత్తెంచినాఁ డవ్విభుం
గానం బోవలెఁ బాలు నెయ్యి పెరుగుల్గట్నంబులుం గానుకల్
మీ నేర్పొప్పఁగఁ గూడఁబెట్టుఁడు తగన్ మీమీ నివాసంబులన్
యానంబుల్ గొనిరండు పొండు మథురా యాత్రాభిముఖ్యంబుగన్.""",శార్ధూలము
"""హరినవ్వుల్ హరిమాటలున్ హరిమనోజ్ఞాలాపముల్ లీలలున్
హరివేడ్కల్ హరిమన్ననల్ హరికరాబ్జాలంబనాహ్వానముల్
హరిణీలోచన లందఱున్ మఱి యుపాయం బెట్లొకో యంచు లో
నెరియన్ ముచ్చటలాడి రంత గములై యేకాంత గేహంబులన్.""",మత్తేభము
"""మేటి గృహస్థు బ్రహ్మ యని మిక్కిలి నమ్మితి మమ్మ! చూడ నే
పాటియు లేదు మాకుఁ బరిపాలకుఁడైన సరోజనేత్రు ని
చ్చోట వసింపనీక నొకచోటికిఁ బో విధియించి పిన్నబి
డ్డాటలు చేసె నీ దుడుకు లక్కట! భారతికైనఁ జెప్పరే.""",ఉత్పలమాల
"""రమ్మని చీరినంతనె పురంబున కేగెడుఁ గాని నన్ను నీ
కొమ్మలు నమ్మినారు మరుకోలల కగ్గము చేసి పోవఁగా
ముమ్మరమైన తాపమున మ్రొగ్గుదురో యనఁ డంబుజాక్షుఁ డా
యమ్మలు గోపవృద్ధులు ప్రయాణము వల్దనరైరి చెల్లరే!""",ఉత్పలమాల
"""అక్రూరుం డని పేరుపెట్టుకొని నేఁ డస్మన్మనోవల్లభుం
జక్రిన్ మాకడఁ బాపికొంచు నరుగం జర్చించి యేతెంచినాఁ
డక్రూరుం డఁట క్రూరుఁ డీతఁడు నిజం బక్రూరుఁ డౌనేని ని
ర్వక్రత్వంబునఁ గృష్ణుఁ బెట్టి తన త్రోవంబో విచారింపఁడే?""",శార్ధూలము
"""ఫుల్లసరోజలోచనలు పూర్ణసుధాంశుముఖుల్ పురాంగనల్
మెల్లనె యెల్లి పట్టణము మేడలనుండి సువర్ణ లాజముల్
చల్లఁగ వారిఁ జూచి హరి సంగతి చేయఁదలంచుఁ గాక వ్రే
పల్లె వసించు ముద్దియలపైఁబడ నేల తలంచు నక్కటా!""",ఉత్పలమాల
"""హరినేలా కొనిపోయె"" దంచు మన మా యక్రూరుఁ బ్రార్థింతమా?
హరిఁ ""బోనీకుఁడు నిల్పరే"" యనుచు నేఁ డర్చింతమా వేల్పులన్?
హరిపాదంబుల కడ్డముల్ పడుదమా; హా దైవమా"" యంచు నా
తరుణుల్ కొప్పులుఁ జీరలున్ మఱచి కందర్పజ్వర భ్రాంతలై.""",మత్తేభము
"""ఉవిదల్ సిగ్గులు మాని కన్గవల నీ రొండొండ వర్షించుచున్
వివశత్వంబులతోఁ గపోలతట సంవిన్యస్త హస్తాబ్జలై
పవనోద్ధూతలతాభలై ""మముఁ గృపం బాలింపు గోవింద! మా
ధవ! దామోదర!"" యంచు నేడ్చిరి సుజాతంబైన గీతంబులన్.""",మత్తేభము
"""అదె చనుచున్నవాఁడు ప్రియుఁ డల్లదె తేరదె వైజయంతి య
ల్లదె రథ ఘోటకాంఘ్రి రజమా దెస మార్గము చూడుఁ"" డంచు లో
నొదవెడి మక్కువన్ హరిరథోన్ముఖలై గములై వ్రజాంగనల్
గదలక నిల్చిచూచి రటు కన్నుల కబ్బినయంత దూరమున్.""",చంపకమాల
"""స్నానము చేసిచేసి నది చల్లని నీటను రామకృష్ణులన్
మానుగఁ జూచి ""వారు రథమధ్యముపై వసియించి యున్నవా
రీ నది నీటిలోపలికి నెప్పుడు వచ్చి?"" రటంచు లేచి మే
ధానిధి చూచె వారిని రథస్థుల భక్తమనోరథస్థులన్.""",ఉత్పలమాల
"""కంటిన్ మున్ను రథంబుపై; జలములోఁ గంటిం దుదిం గ్రమ్మఱం
గంటిం దొంటి రథంబుమీఁద; నిదె యీ కల్యాణచారిత్రు లే
వెంటం దోఁచిరి రెండు దిక్కుల; మనోవిభ్రాంతియో? నీటిలో
నుం టాశ్చర్యము; చూతు"" నంచు మఱియు న్నూహించి మగ్నాంగుఁడై.""",శార్ధూలము
"""పోషిత బాంధవుండు యదుపుంగవుఁ డా జల మందుఁ గాంచె స
ద్భాషు సహస్రమస్తక విభాసిత భూషు నహీశు భూమిభృ
ద్వేషుఁ గృపాభిలాషుఁ బ్రతివీర చమూ విజిగీషు నిత్య సం
తోషు నరోషు నిర్దళితదోషు ననేక విశేషు శేషునిన్.""",ఉత్పలమాల
"""కలలం బోలెడి పుత్రమిత్ర వనితాగారాది సంయోగముల్
జలవాంఛారతి నెండమావులకు నాసల్ చేయు చందంబునం
దలఁతున్ సత్యములంచు; మూఢుఁడ వృధాతత్వజ్ఞుఁడన్నాకు నీ
విలసత్పాదయుగంబుఁ జూపి కరుణన్ వీక్షింపు లక్ష్మీపతీ!""",మత్తేభము
"""పరిఖల్ గోటలు కొమ్మలుం బడగలుం బ్రాసాదముల్ వీధులున్
హరులుం దేరులు వీరులున్ గజములున్ హర్మ్యంబులున్ వాద్యముల్
తరుణుల్ ధాన్యములున్ ధనంబులు మహోద్యానంబులున్ దీర్ఘికల్
గర మాశ్చర్యరుచిం దనర్చు మథురన్ గాంచెన్ విభుం డంతటన్.""",మత్తేభము
"""నంద తపఃఫలంబు సుగుణంబుల పుంజము; గోపకామినీ
బృందము నోముపంట; సిరివిందు దయాంబుధి యోగిబృందముల్
డెందము లందుఁ గోరెడు కడింది నిధానము చేరవచ్చె నో!
సుందరులార! రండు చని చూతము కన్నుల కోర్కిదీరఁగన్. """,ఉత్పలమాల
"""చెలియా! గోపిక లీ కుమారతిలకుం జింతించుచుం బాడుచుం
గలయం బల్కుచు నంటుచున్ నగుచు నాకర్షించుచున్ హస్తగా
మలకక్రీడకుఁ దెచ్చి నిచ్చలును సమ్మానంబులం బొందఁగాఁ
దొలి జన్మంబుల నేమి నోఁచిరొ కదే దుర్గప్రదేశంబులన్?""",మత్తేభము
"""విందులమై నరేశ్వరుని వీటికి వచ్చితి మేము; మాకు మా
మందలలోనఁ గట్టికొన మంచి పటంబులు లేవు; నీ ముడిన్
సుందరధౌత చేలములు శోభిలుచున్నవి; తెమ్ము నిన్ను మే
లందెడు; నిమ్ము రాజుదెస నల్లుర; మో! రజకాన్వయాగ్రణీ!""",ఉత్పలమాల
"""ఎట్టెట్రా? మనుజేంద్రు చేలములు మీ కీఁ బాడియే? మీరలుం
గట్టం బోలుదురే? పయో ఘృత దధి గ్రాసంబులన్ మత్తులై
యిట్టాడం జనెఁగాక గొల్లలకు మీ కెబ్బంగి నోరాడెడిన్;
గట్టా! ప్రాణముఁ గోలుపోయెదు సుమీ కంసోద్ధతిన్ బాలకా!""",శార్ధూలము
"""కారుణ్యంబున వానిఁ గైకొని యలంకారంబు గావించి శృం
గారోదంచిత దిగ్గజేంద్ర కలభాకారంబులం బొల్చి రా
శూరుల్; మాధవుఁ డంత వాయకుని శుశ్రూషన్ మహాప్రీతుఁడై
సారూప్యంబును లక్ష్మియు న్నొసఁగె నైశ్వర్యాది సంధాయియై.""",శార్ధూలము
"""పావన మయ్యె నా కులము; పండెఁ దపంబు; గృహంబు లక్ష్మికిన్
సేవిత మయ్యె; నిష్ఠములు సేకుఱె; విశ్వనిదానమూర్తులై
భూవలయంబుఁ గావ నిటు పుట్టిన మీరలు రాకఁ జేసి నే
నే విధ మాచరింతుఁ? బను లెయ్యెవి? బంట; నెఱుంగఁ జెప్పరే.""",ఉత్పలమాల
"""చక్కనివాఁడ వౌదు; సరసంబుల నొంపకు; మెల్లవారికిం
జక్కఁదనంబు లెక్కడివి; చారుశరీర! త్రివక్ర యండ్రు; నే
నిక్కము కంసుదాసిని; వినిర్మల లేపన విద్యదాన; నన్
మిక్కిలి రాజుమెచ్చుఁ; దగ మీరు విలేపనముల్ ధరింపరే!""",ఉత్పలమాల
"""బంధుల్ మేలన వామహస్తమునఁ జాపం బెత్తి మౌర్వీలతా
సంధానం బొనరించి కొంచెపుఁదెగన్ శబ్దించుచున్ ధీరతా
సింధుం డా హరి దాని ఖండితముగాఁ జేసెన్ జనుల్ చూడగా
గంధేభంబు రసాలదండము నొగిన్ ఖండించు చందంబునన్.""",శార్ధూలము
"""అద్దిర! రాచవిల్ విఱిచె నర్భకుఁ డింతయు శంకలేక నేఁ
డుద్దవిడిన్ సహింపఁ దగ దుగ్రతఁ బట్టుద"" మంచుఁ గ్రుద్దులై
గ్రద్దన లేచి తద్ధనువు కావలివా రరుదేర వారి న
య్యిద్దఱుఁ గూడిఁబట్టి మడియించిరి కార్ముకఖండ హస్తులై.""",ఉత్పలమాల
"""గగనారణ్య చరాంధకార గజముం గాలాహ్వయ వ్యాధుఁ డ
చ్చుగఁ బట్టన్ గమకించి మచ్చిడుటకై చూతాంకురశ్రేణిచే
నొగిఁ గల్పించిన కందుకం బనఁగ సూర్యుం డంత వీక్షింపఁగాఁ
దగె మందప్రభతోడఁ బశ్చిమ మహాధాత్రీ ధరేంద్రంబునన్.""",మత్తేభము
"""మీకును వైరి; యెప్పుడును మిక్కిలి మాకును వైరి; రాజు దో
షాకరుఁ; డింక వచ్చు జలజాతములార! మదీయ బాలురం
జేకొనుఁ డంచు బాలకులఁ జీఁకటి దాఁచిన భంగిఁ జిక్కి రా
రాక వసించెఁ దుమ్మెదలు రాత్రి సరోరుహకుట్మలంబులన్.""",ఉత్పలమాల
"""సకలాంభోనిధి మేఖలావహనముం జాలించి యేతెంచు నా
గ కులాగంబుల భంగి నొప్పుచుఁ దగం గైసేసి చాణూర ము
ష్టికకూటుల్ చలకోసలుల్ గురువులన్ సేవించుచున్ రంగధా
త్రికి నేతెంచిరి తూర్యఘోషముల నుద్రేకం బనేకంబుగన్.""",మత్తేభము
"""ఓరీ! కుంజరపాల! మా దెసకు నీ యుద్యన్మదేభేంద్రముం
బ్రేరేఁపం బనిలేదు; త్రిప్పు మరలం బ్రేరేఁపినన్ నిన్ను గం
భీరోగ్రాశనితుల్య ముష్టిహతులన్ భేదించి నే డంతకుం
జేరంబుత్తు మహత్తరద్విపముతో సిద్ధంబు యుద్ధంబునన్.""",శార్ధూలము
"""మించిన కొప్పుఁ జక్కనిడి మేలనఁ బచ్చనిచీర కాసె బం
ధించి లలాటకుంతలతతిన్ మరలించుచు సంగరక్రియా
చుంచుతఁ బేర్చి బాలకుఁడు చూచు జనంబులు దన్ను బాపురే!
యంచు నుతింప డగ్గఱియె హస్తజితాగము గంధనాగమున్.""",మత్తేభము
"""కాలం ద్రొక్కి సలీలుఁడై నగవుతోఁ గంఠీరవేంద్రాకృతిం
గేలన్ భీషణ దంతముల్ పెఱికి సంక్షీణంబుగా మొత్తి గో
పాలగ్రామణి వీరమౌళిమణియై ప్రాణంబులం బాపె నా
శైలేంద్రాభముఁ బ్రాణలోభము నుఁదంచత్సారగంధేభమున్.""",ఉత్పలమాల
"""కరిదంతంబులు మూఁపులందు మెఱయన్ ఘర్మాంబువుల్ మోములన్
నెరయన్ గోపకు లంతనంత మెలయన్ నిత్యాహవస్థేము లా
హరిరాముల్ చనుదెంచి కాంచిరి మహోగ్రాడంబరాపూరితా
మర మర్త్యాది జనాంతరంగము లసన్మల్లావనీరంగమున్.""",మత్తేభము
"""ధీరుల వస్త్ర మాల్య మణి దీప్త విభూషణధారులన్ నటా
కారుల సర్వలోక శుభకారుల మానవ మానినీ మనో
హారుల రంగభూతల విహారుల గోపకుమారులన్ మహా
వీరులఁ జూచి చూచి తనివిం దుదిముట్టక లోకు లందఱున్.""",ఉత్పలమాల
"""సన్నుత రామకృష్ణముఖ చంద్రమయూఖ సుధారసంబులం
గన్నులఁ ద్రావు చందమునఁ గాంచుచు జిహ్వల నంటి చూచు లీ
ల న్నుతి చేయుచుం గరములం బరిరంభము చేయు భంగి న
త్యున్నతిఁ జూపుచుం దగిలి యొండొరుతోడ రహస్యభాషలన్.""",ఉత్పలమాల
"""వనమార్గంబున గోపబాలకులతో వత్సంబులన్ మేపుచుం
బెనఁగన్ మిక్కిలి నేర్చినా రనుచు నీ పృథ్వీజనుల్ చెప్ప మా
మనుజేంద్రుం డిట మిమ్ముఁ జీరఁ బనిచెన్ మల్లాహవక్రీడకుం;
జనదే కొంత పరాక్రమింప మనకున్ సభ్యుల్ విలోకింపఁగన్.""",మత్తేభము
"""జవసత్వంబులు మేలె? సాము గలదే? సత్రాణమే మేను? భూ
ప్రవరుం బోసన మిమ్మనంగ వలెనే? పాళీ లభీష్టంబులే?
పవివో? కాక కృతాంతదండకమవో? ఫాలాక్షు నేత్రాగ్నివో?
నవనీతంబుల ముద్దగాదు; మెసఁగన్ నా ముష్టి గోపార్భకా!""",మత్తేభము
"""సాములు లేవు; పిన్నలము; సత్వము గల్దనరాదు; మల్ల సం
గ్రామ విశారదుల్ గులిశ కర్కశదేహులు మీరు; మీకడన్
నేము చరించు టెట్లు? ధరణీశుని వేడ్కలు చేయువారముం
గాము; వినోదముల్ సలుపఁ గాదనవచ్చునె యొక్కమాటికిన్.""",ఉత్పలమాల
"""నాతోఁ బోరఁగ నెంతవాఁడ? విసిరో! నాపాటియే నీవు? వి
ఖ్యాతుండం; గులజుండ; సద్గుణుఁడ; సత్కర్మస్వభావుండ; నీ
కేతాదృగ్విభవంబు లెల్లఁ గలవే; యీ వీటఁ బోరాడుటల్
వ్రేతల్ చూడఁగఁ గుప్పిగంతు లిడుటే? వీక్షింపు గోపార్భకా!""",శార్ధూలము
"""స్థాణున్ మెచ్చఁడు; బ్రహ్మఁ గైకొనఁడు; విష్వక్సేను నవ్వున్; జగ
త్ప్రాణున్ రమ్మనఁ డీడుగాఁ డని; మహా బాహాబలప్రౌఢి న
క్షీణుం; డాజికి నెల్లి నేఁ డనఁడు; వైచిత్రిన్ వినోదించు న
చ్చాణూరుం డొక గోపబాలు పనికిన్ శక్తుండు గాకుండునే?""",శార్ధూలము
"""మంచి కుమారులం గుసుమ మంజు శరీరులఁ దెచ్చి చెల్లరే
యంచిత వజ్రసారులు మహాద్రి కఠోరులు నైన మల్లురం
గ్రించులఁ బెట్టి రాజు పెనఁగించుచుఁ జూచుచు నున్నవాఁడు; మే
లించుకలేదు; మాను మనఁ డిట్టి దురాత్ముని మున్ను వింటిమే?""",ఉత్పలమాల
"""పాపపు బ్రహ్మ; గోపకుల పల్లెలలోన సృజింపరాదె; ము
న్నీ పురిలోపలన్ మనల నేల సృజించె? నటైన నిచ్చలుం
జేపడుఁ గాదె; యీ సుభగుఁ జెందెడి భాగ్యము సంతతంబు నీ
గోపకుమారుఁ బొంద మును గోపకుమారిక లేమి నోఁచిరో?""",ఉత్పలమాల
"""మల్లురఁ జంపి గోపక సమాజములో మృగరాజు రేఖ శో
భిల్లఁగఁ బాదపద్మములఁ బెల్లుగ నందెలు మ్రోయ వచ్చు నా
వల్లవరాజనందనుల వారక చూచి మహీసురాదు ల
ల్లల్లన సంస్తుతించిరి ప్రియంబుగఁ గంసుఁడు దక్క నందఱున్.""",ఉత్పలమాల
"""వల్లవబాలురన్ నగరి వాకిటికిన్ వెడలంగఁ ద్రొబ్బుఁ; డీ
గొల్లల ముట్టికోల్ గొనుఁడు; క్రూరుని నందునిఁ గట్టు; డుర్వికిం
దెల్లముగాఁగ నేడు వసుదేవునిఁ జంపుఁడు; తండ్రి గాఁడు వీఁ
డెల్లవిధంబులం; బరుల కిష్టుఁడు కావకుఁ డుగ్రసేనునిన్""",ఉత్పలమాల
"""జంఘాలత్వముతో నగోపరి చరత్సారంగ హింసేచ్ఛను
ల్లంఘింపన్ గమకించు సింహము క్రియన్ లక్షించి పౌరప్రజా
సంఘాతంబులు తల్లడిల్ల హరి కంసప్రాణహింసార్థి యై
లంఘించెం దమగంబు మీఁదికి రణోల్లాసంబు భాసిల్లఁగన్.""",శార్ధూలము
"""పక్షీంద్రుం డురగంబుఁ బట్టు విధ మొప్పన్ గేశబంధంబు లో
క క్షోభంబుగఁ బట్టి మౌళిమణు లాకల్పాంతవేళాపత
న్నక్షత్రంబుల భంగి రాల రణసంరంభంబు డిందించి రం
గక్షోణిం బడఁద్రొబ్బెఁ గృష్ణుఁడు వెసం గంసున్ నృపోత్తంసునిన్.""",శార్ధూలము
"""మంచాగ్రంబుననుండి రంగధరణీమధ్యంబునం గూలి యే
సంచారంబును లేక చిక్కి జను లాశ్చర్యంబునుం బొందఁగా
బంచత్వంబును బొంది యున్న విమతుం బద్మాక్షుఁ డీడ్చెన్ వడిం
బంచాస్యంబు గజంబు నీడ్చు పగిదిన్ బాహాబలోల్లాసియై.""",శార్ధూలము
